지점,일시,고도,기압,기온,이슬점온도,풍속,풍향
45004,2020-09-23 00:00,35140,10,,,,
45004,2020-09-23 00:00,26510,20,,,,
45004,2020-09-23 00:00,23910,30,-57.1,,19,65
45004,2020-09-23 00:00,20740,50,-64.3,,,
45004,2020-09-23 00:00,18730,70,-73.9,,13,90
45004,2020-09-23 00:00,16710,100,,,9,85
45004,2020-09-23 00:00,14340,150,-65.1,-73.1,15,15
45004,2020-09-23 00:00,12530,200,-50.9,-55.9,13,5
45004,2020-09-23 00:00,,203,10,7.9,,
45004,2020-09-23 00:00,,230,10,8.3,,
45004,2020-09-23 00:00,,242,-52.7,,,
45004,2020-09-23 00:00,10104,250,-38.3,-47.3,12,40
45004,2020-09-23 00:00,,256,11,9.1,,
45004,2020-09-23 00:00,,276,-9.5,-12,,
45004,2020-09-23 00:00,9760,300,-28.7,-34.7,5,75
45004,2020-09-23 00:00,,313,6,4.2,,
45004,2020-09-23 00:00,,338,-59.9,,,
45004,2020-09-23 00:00,,367,8,6.8,,
45004,2020-09-23 00:00,,389,-59.3,,,
45004,2020-09-23 00:00,,395,-10.5,-12.2,,
45004,2020-09-23 00:00,7630,400,-13.3,-29.3,3,55
45004,2020-09-23 00:00,,416,-9.5,-10.7,,
45004,2020-09-23 00:00,,441,-11.5,-12.5,,
45004,2020-09-23 00:00,,457,-65.3,,,
45004,2020-09-23 00:00,,458,13,11.6,,
45004,2020-09-23 00:00,,479,-12.5,-14.4,,
45004,2020-09-23 00:00,5900,500,-3.3,-13.3,2,105
45004,2020-09-23 00:00,,513,-63.7,,,
45004,2020-09-23 00:00,,519,10,8.8,,
45004,2020-09-23 00:00,,534,9,7.6,,
45004,2020-09-23 00:00,,564,-10.5,-12.1,,
45004,2020-09-23 00:00,,598,-71.7,,,
45004,2020-09-23 00:00,,604,8,6.4,,
45004,2020-09-23 00:00,,635,6,4.7,,
45004,2020-09-23 00:00,,655,-6.5,-7.5,,
45004,2020-09-23 00:00,,660,-73.3,,,
45004,2020-09-23 00:00,,668,-8.5,-9.3,,
45004,2020-09-23 00:00,,684,10,9,,
45004,2020-09-23 00:00,,692,-72.7,,,
45004,2020-09-23 00:00,2164,700,12,2,3,205
45004,2020-09-23 00:00,,720,-7.5,-8.7,,
45004,2020-09-23 00:00,,746,-10.5,-11.7,,
45004,2020-09-23 00:00,,776,-8.5,-9.8,,
45004,2020-09-23 00:00,,779,-79.9,,,
45004,2020-09-23 00:00,,844,-8.5,-9.9,,
45004,2020-09-23 00:00,1513,850,19.6,13.6,3,270
45004,2020-09-23 00:00,,891,-4.5,-6.1,,
45004,2020-09-23 00:00,,918,3,1.5,,
45004,2020-09-23 00:00,779,925,22,19.5,3,110
45004,2020-09-23 00:00,,955,-3.5,-4.4,,
45004,2020-09-23 00:00,,973,6,5.2,,
45004,2020-09-23 00:00,,981,,,8,70
45004,2020-09-23 00:00,94,1000,27.6,23.1,1,125
45004,2020-09-23 00:00,,1003,27.8,23.4,1,110
47102,2020-09-23 00:00,31240,10,-43.7,,2,180
47102,2020-09-23 00:00,26670,20,-51.7,,6,40
47102,2020-09-23 00:00,24060,30,-53.1,,7,195
47102,2020-09-23 00:00,20800,50,-57.3,,19,245
47102,2020-09-23 00:00,18710,70,-63.9,,32,265
47102,2020-09-23 00:00,16530,100,27,22.5,,
47102,2020-09-23 00:00,,106,-25.5,-30,,
47102,2020-09-23 00:00,,109,-62.5,,,
47102,2020-09-23 00:00,,116,-43.7,,,
47102,2020-09-23 00:00,,120,-63.9,,,
47102,2020-09-23 00:00,,128,27,25.9,,
47102,2020-09-23 00:00,,130,28,6,,
47102,2020-09-23 00:00,,131,-26.5,-27.5,,
47102,2020-09-23 00:00,,145,14,13,,
47102,2020-09-23 00:00,,148,-50.5,,,
47102,2020-09-23 00:00,14030,150,-12.5,-13.6,,
47102,2020-09-23 00:00,,157,-6.5,-7.5,,
47102,2020-09-23 00:00,,161,8,6.6,,
47102,2020-09-23 00:00,,176,-25.5,-60.5,,
47102,2020-09-23 00:00,,177,-56.1,-77.1,,
47102,2020-09-23 00:00,,180,7,5.2,,
47102,2020-09-23 00:00,,186,8,6.6,,
47102,2020-09-23 00:00,,197,3,2,,
47102,2020-09-23 00:00,12200,200,-51.5,-73.5,77,250
47102,2020-09-23 00:00,,210,-24.5,-46.5,,
47102,2020-09-23 00:00,,217,-2.5,-2.6,,
47102,2020-09-23 00:00,,231,26,14,,
47102,2020-09-23 00:00,10073,250,-43.7,-67.7,52,250
47102,2020-09-23 00:00,,272,-41.7,-64.7,,
47102,2020-09-23 00:00,,285,-40.5,-63.5,,
47102,2020-09-23 00:00,,290,-40.5,-42.7,,
47102,2020-09-23 00:00,9490,300,-38.3,-40.7,42,240
47102,2020-09-23 00:00,,305,-26.5,-26.6,,
47102,2020-09-23 00:00,,312,33,31.7,,
47102,2020-09-23 00:00,,334,-23.5,-27,,
47102,2020-09-23 00:00,,336,-32.1,-33,,
47102,2020-09-23 00:00,,344,-20.5,-22.2,,
47102,2020-09-23 00:00,,351,18,16.4,,
47102,2020-09-23 00:00,,369,17,16,,
47102,2020-09-23 00:00,,389,25,23,,
47102,2020-09-23 00:00,7450,400,-24.1,-27,20,240
47102,2020-09-23 00:00,,405,-24.5,-24.6,,
47102,2020-09-23 00:00,,407,-23.5,-25.5,,
47102,2020-09-23 00:00,,417,-28.5,-29.5,,
47102,2020-09-23 00:00,,420,25,23.1,,
47102,2020-09-23 00:00,,431,-21.1,-23.9,,
47102,2020-09-23 00:00,,434,-21.5,-24.2,,
47102,2020-09-23 00:00,,438,24,23,,
47102,2020-09-23 00:00,,439,-21.5,-25.7,,
47102,2020-09-23 00:00,,445,-23.5,-24.5,,
47102,2020-09-23 00:00,,497,25,23.2,,
47102,2020-09-23 00:00,5790,500,-12.1,-25.1,12,250
47102,2020-09-23 00:00,,503,24,22.1,,
47102,2020-09-23 00:00,,510,26,24.8,,
47102,2020-09-23 00:00,,526,22,21,,
47102,2020-09-23 00:00,,532,-8.1,-34.1,,
47102,2020-09-23 00:00,,540,-26.5,-27.6,,
47102,2020-09-23 00:00,,542,24,22.9,,
47102,2020-09-23 00:00,,546,-57.5,,,
47102,2020-09-23 00:00,,550,27,25.5,,
47102,2020-09-23 00:00,,560,-25.5,-26.5,,
47102,2020-09-23 00:00,,576,-22.5,-24.3,,
47102,2020-09-23 00:00,,577,-4.9,-40.9,,
47102,2020-09-23 00:00,,586,-22.5,-23.9,,
47102,2020-09-23 00:00,,604,-3.7,-16.7,,
47102,2020-09-23 00:00,,605,-3.5,-16.5,,
47102,2020-09-23 00:00,,607,-27.5,-29,,
47102,2020-09-23 00:00,,612,16,15.9,,
47102,2020-09-23 00:00,,623,-62.3,,,
47102,2020-09-23 00:00,,624,-1.7,-31.7,,
47102,2020-09-23 00:00,,666,1.6,-30.4,,
47102,2020-09-23 00:00,,669,-60.7,,,
47102,2020-09-23 00:00,,671,-28.5,-30.6,,
47102,2020-09-23 00:00,,677,1.8,-15.2,,
47102,2020-09-23 00:00,,691,2.6,-25.4,,
47102,2020-09-23 00:00,,695,-26.5,-29.7,,
47102,2020-09-23 00:00,,697,-64.1,,,
47102,2020-09-23 00:00,2133,700,3,-22,3,50
47102,2020-09-23 00:00,,725,-25.5,-28.4,,
47102,2020-09-23 00:00,,743,4.8,-9.2,,
47102,2020-09-23 00:00,,747,28,25.4,,
47102,2020-09-23 00:00,,755,-6.5,-7.5,,
47102,2020-09-23 00:00,,761,29,26.1,,
47102,2020-09-23 00:00,,771,7.2,-4.8,,
47102,2020-09-23 00:00,,776,-60.7,,,
47102,2020-09-23 00:00,,788,6,5,,
47102,2020-09-23 00:00,,792,-29.5,-33.4,,
47102,2020-09-23 00:00,,803,9.6,-7.4,,
47102,2020-09-23 00:00,,806,7,5.7,,
47102,2020-09-23 00:00,,807,9.2,-.8,,
47102,2020-09-23 00:00,,813,9,-16,,
47102,2020-09-23 00:00,,834,7.2,3,,
47102,2020-09-23 00:00,,844,-26.5,-31.4,,
47102,2020-09-23 00:00,,847,7.8,5.7,,
47102,2020-09-23 00:00,1540,850,8,5.8,11,35
47102,2020-09-23 00:00,,854,-3.5,-4.6,,
47102,2020-09-23 00:00,,877,27,24,,
47102,2020-09-23 00:00,832,925,14.6,5.6,13,75
47102,2020-09-23 00:00,,928,14.8,4.8,,
47102,2020-09-23 00:00,,933,15,7,,
47102,2020-09-23 00:00,,939,-66.9,,,
47102,2020-09-23 00:00,,945,-25.5,-29.8,,
47102,2020-09-23 00:00,,956,16.4,-.6,,
47102,2020-09-23 00:00,,964,10,7.8,,
47102,2020-09-23 00:00,,971,,,45,260
47102,2020-09-23 00:00,170,1000,16.8,11.8,10,110
47102,2020-09-23 00:00,,1013,11,10.5,,
47102,2020-09-23 00:00,,1059,3,2.3,,
47102,2020-09-23 00:00,,1063,-43.1,,,
47102,2020-09-23 00:00,,1071,-41.3,,,
47102,2020-09-23 00:00,,1084,-44.5,,,
47102,2020-09-23 00:00,,1094,-42.9,,,
47102,2020-09-23 00:00,,1097,-11.5,-12.5,,
47122,2020-09-23 00:00,31330,10,-42.9,-75.9,3,55
47122,2020-09-23 00:00,26740,20,-50.3,-76.3,9,70
47122,2020-09-23 00:00,24110,30,-54.3,-79.3,7,300
47122,2020-09-23 00:00,20840,50,-56.9,-79.9,13,260
47122,2020-09-23 00:00,18740,70,-63.1,,26,285
47122,2020-09-23 00:00,16570,100,27,22,,
47122,2020-09-23 00:00,,107,26,8,,
47122,2020-09-23 00:00,,111,-42.1,-76.1,,
47122,2020-09-23 00:00,,112,0,0,,
47122,2020-09-23 00:00,,118,-25.5,-29.5,,
47122,2020-09-23 00:00,,125,27,14,,
47122,2020-09-23 00:00,,128,-28.5,-29.5,,
47122,2020-09-23 00:00,,129,-64.7,,,
47122,2020-09-23 00:00,,132,18,17.8,,
47122,2020-09-23 00:00,,137,14,13,,
47122,2020-09-23 00:00,,139,-50.9,-76.9,,
47122,2020-09-23 00:00,,143,9,7.6,,
47122,2020-09-23 00:00,,149,-13.5,-14.9,,
47122,2020-09-23 00:00,14090,150,-60.1,-78.1,65,260
47122,2020-09-23 00:00,,157,7,5.3,,
47122,2020-09-23 00:00,,162,9,7.6,,
47122,2020-09-23 00:00,,167,8,6.2,,
47122,2020-09-23 00:00,,174,10,8.7,,
47122,2020-09-23 00:00,,182,8,6.6,,
47122,2020-09-23 00:00,,193,-49.3,-76.3,,
47122,2020-09-23 00:00,,198,8,6.8,,
47122,2020-09-23 00:00,12260,200,-52.3,-71.3,76,250
47122,2020-09-23 00:00,,224,23,22.9,,
47122,2020-09-23 00:00,,232,25,-6,,
47122,2020-09-23 00:00,,245,-43.9,-61.9,,
47122,2020-09-23 00:00,,247,-53.7,-78.7,,
47122,2020-09-23 00:00,10078,250,-43.5,-60.5,74,245
47122,2020-09-23 00:00,,257,-42.7,-55.7,,
47122,2020-09-23 00:00,,266,-42.1,-47.1,,
47122,2020-09-23 00:00,,287,-32.5,-33.5,,
47122,2020-09-23 00:00,9540,300,-34.9,-39.1,54,245
47122,2020-09-23 00:00,,319,18,17,,
47122,2020-09-23 00:00,,320,18,17,,
47122,2020-09-23 00:00,,324,-24.5,-28.8,,
47122,2020-09-23 00:00,,325,-15.5,-16.5,,
47122,2020-09-23 00:00,,337,-53.1,-78.1,,
47122,2020-09-23 00:00,,342,-18.5,-19.5,,
47122,2020-09-23 00:00,,348,19,17.6,,
47122,2020-09-23 00:00,,358,-25.1,-27.8,,
47122,2020-09-23 00:00,,360,-56.5,,,
47122,2020-09-23 00:00,,362,18,16.7,,
47122,2020-09-23 00:00,,363,24,19,,
47122,2020-09-23 00:00,,374,14,13,,
47122,2020-09-23 00:00,,385,-24.9,-26.9,,
47122,2020-09-23 00:00,,386,-16.5,-16.8,,
47122,2020-09-23 00:00,7470,400,-23.3,-25,29,220
47122,2020-09-23 00:00,,406,19,18,,
47122,2020-09-23 00:00,,415,18,16.7,,
47122,2020-09-23 00:00,,424,21,19.9,,
47122,2020-09-23 00:00,,425,-21.9,-24.8,,
47122,2020-09-23 00:00,,427,17,16,,
47122,2020-09-23 00:00,,436,-23.5,-25.2,,
47122,2020-09-23 00:00,,439,22,21.6,,
47122,2020-09-23 00:00,,452,-26.5,-27.5,,
47122,2020-09-23 00:00,,460,-22.5,-24.3,,
47122,2020-09-23 00:00,,470,-57.3,,,
47122,2020-09-23 00:00,,476,-23.5,-25.5,,
47122,2020-09-23 00:00,,488,25,24,,
47122,2020-09-23 00:00,,490,-12.5,-36.5,,
47122,2020-09-23 00:00,,492,-54.9,-77.9,,
47122,2020-09-23 00:00,5800,500,-11.1,-41.1,16,235
47122,2020-09-23 00:00,,504,-23.5,-25.1,,
47122,2020-09-23 00:00,,506,26,24.7,,
47122,2020-09-23 00:00,,515,22,20.4,,
47122,2020-09-23 00:00,,516,-27.5,-29.5,,
47122,2020-09-23 00:00,,532,-60.7,,,
47122,2020-09-23 00:00,,537,25,22.1,,
47122,2020-09-23 00:00,,548,23,22,,
47122,2020-09-23 00:00,,554,-5.1,-41.1,,
47122,2020-09-23 00:00,,600,20,18.6,,
47122,2020-09-23 00:00,,609,-20.5,-21.5,,
47122,2020-09-23 00:00,,620,-25.5,-26.1,,
47122,2020-09-23 00:00,,630,29,27.9,,
47122,2020-09-23 00:00,,655,26,24.3,,
47122,2020-09-23 00:00,,658,-60.9,,,
47122,2020-09-23 00:00,,663,18,17.9,,
47122,2020-09-23 00:00,,682,29,26.8,,
47122,2020-09-23 00:00,2129,700,5,-26,4,75
47122,2020-09-23 00:00,,735,-27.5,-31.6,,
47122,2020-09-23 00:00,,739,-9.5,-10.5,,
47122,2020-09-23 00:00,,747,-67.1,,,
47122,2020-09-23 00:00,,756,-6.5,-7.8,,
47122,2020-09-23 00:00,,781,26,23.4,,
47122,2020-09-23 00:00,,798,10.6,-30.4,,
47122,2020-09-23 00:00,,804,27,24.6,,
47122,2020-09-23 00:00,,811,-64.1,,,
47122,2020-09-23 00:00,,826,6.8,-3.2,,
47122,2020-09-23 00:00,1527,850,8.2,1.2,16,115
47122,2020-09-23 00:00,,860,-27.5,-32.3,,
47122,2020-09-23 00:00,,888,-12.5,-14.6,,
47122,2020-09-23 00:00,821,925,13.4,2.4,17,105
47122,2020-09-23 00:00,,934,-25.5,-29.5,,
47122,2020-09-23 00:00,,945,14.4,4.4,,
47122,2020-09-23 00:00,,958,-9.5,-11.7,,
47122,2020-09-23 00:00,,976,13.6,6.6,,
47122,2020-09-23 00:00,163,1000,14.6,7.6,8,65
47122,2020-09-23 00:00,,1013,-6.5,-6.8,,
47122,2020-09-23 00:00,,1079,-18.5,-19.2,,
47122,2020-09-23 00:00,,1080,-19.5,-21.3,,
47122,2020-09-23 00:00,,1082,19,18,,
47122,2020-09-23 00:00,,1083,-8.5,-8.7,,
47122,2020-09-23 00:00,,1084,-1.5,-2.5,,
47122,2020-09-23 00:00,,1085,-.5,-1.7,,
47122,2020-09-23 00:00,,1086,-35.5,-36.5,,
47122,2020-09-23 00:00,,1088,-28.5,-28.6,,
47122,2020-09-23 00:00,,1093,17,16,,
47122,2020-09-23 00:00,,1097,15,14,,
47138,2020-09-23 00:00,31230,10,-43.5,,11,160
47138,2020-09-23 00:00,26670,20,-52.7,,11,70
47138,2020-09-23 00:00,24050,30,-53.9,,2,30
47138,2020-09-23 00:00,20810,50,-58.3,,8,250
47138,2020-09-23 00:00,18730,70,-63.7,,20,270
47138,2020-09-23 00:00,16590,100,25,21,,
47138,2020-09-23 00:00,,103,-43.5,,,
47138,2020-09-23 00:00,,104,-25.5,-26.5,,
47138,2020-09-23 00:00,,106,-69.7,,,
47138,2020-09-23 00:00,,109,-69.5,,,
47138,2020-09-23 00:00,,116,-11.5,-12.7,,
47138,2020-09-23 00:00,,119,-24.5,-30.5,,
47138,2020-09-23 00:00,,120,-48.3,,,
47138,2020-09-23 00:00,,122,7,6,,
47138,2020-09-23 00:00,,124,-47.7,,,
47138,2020-09-23 00:00,,137,-7.5,-8.5,,
47138,2020-09-23 00:00,,148,-9.5,-10.5,,
47138,2020-09-23 00:00,14130,150,26,22,,
47138,2020-09-23 00:00,,157,-59.5,,,
47138,2020-09-23 00:00,,163,-9.5,-10.5,,
47138,2020-09-23 00:00,,167,26,2,,
47138,2020-09-23 00:00,,176,-7.5,-8.9,,
47138,2020-09-23 00:00,,182,-9.5,-10.8,,
47138,2020-09-23 00:00,,187,5,3.3,,
47138,2020-09-23 00:00,,190,4,2.7,,
47138,2020-09-23 00:00,,193,-52.5,,,
47138,2020-09-23 00:00,12310,200,-53.7,-72.7,77,260
47138,2020-09-23 00:00,,202,-7.5,-8.8,,
47138,2020-09-23 00:00,,206,-53.1,,,
47138,2020-09-23 00:00,,208,-53.1,-55.9,,
47138,2020-09-23 00:00,,209,-52.9,-54.9,,
47138,2020-09-23 00:00,,216,-7.5,-8.6,,
47138,2020-09-23 00:00,,218,-25.5,-58.5,,
47138,2020-09-23 00:00,,220,-49.7,-55.7,,
47138,2020-09-23 00:00,,224,-11.5,-12.5,,
47138,2020-09-23 00:00,,234,-11.5,-12.8,,
47138,2020-09-23 00:00,,236,-45.3,-51.3,,
47138,2020-09-23 00:00,,238,9,8,,
47138,2020-09-23 00:00,,241,-43.9,-46.4,,
47138,2020-09-23 00:00,10084,250,-41.7,-45.3,79,255
47138,2020-09-23 00:00,,252,-53.3,,,
47138,2020-09-23 00:00,,272,-31.5,-31.6,,
47138,2020-09-23 00:00,,276,-36.3,-40.8,,
47138,2020-09-23 00:00,,287,36,35,,
47138,2020-09-23 00:00,,289,-52.5,,,
47138,2020-09-23 00:00,9580,300,-31.5,-33.6,57,240
47138,2020-09-23 00:00,,302,24,18,,
47138,2020-09-23 00:00,,315,-24.5,-24.6,,
47138,2020-09-23 00:00,,324,-57.3,,,
47138,2020-09-23 00:00,,325,-16.5,-17.6,,
47138,2020-09-23 00:00,,326,25,22,,
47138,2020-09-23 00:00,,331,-15.5,-17,,
47138,2020-09-23 00:00,,338,-24.9,-26.6,,
47138,2020-09-23 00:00,,365,25,15,,
47138,2020-09-23 00:00,,367,11,10,,
47138,2020-09-23 00:00,,375,-21.1,-22.7,,
47138,2020-09-23 00:00,,388,-23.5,-25.7,,
47138,2020-09-23 00:00,,389,-20.5,-20.7,,
47138,2020-09-23 00:00,,393,21,16.5,,
47138,2020-09-23 00:00,7490,400,-21.9,-24.4,41,210
47138,2020-09-23 00:00,,402,22,21,,
47138,2020-09-23 00:00,,403,-58.1,,,
47138,2020-09-23 00:00,,414,-20.3,-22.2,,
47138,2020-09-23 00:00,,415,-18.5,-20.1,,
47138,2020-09-23 00:00,,417,-20.5,-23.9,,
47138,2020-09-23 00:00,,432,13,12,,
47138,2020-09-23 00:00,,434,-55.9,,,
47138,2020-09-23 00:00,,440,-17.7,-22.7,,
47138,2020-09-23 00:00,,443,-21.5,-23.2,,
47138,2020-09-23 00:00,,446,0,0,,
47138,2020-09-23 00:00,,464,-19.5,-21,,
47138,2020-09-23 00:00,,475,-28.5,-29.6,,
47138,2020-09-23 00:00,,476,22,20.5,,
47138,2020-09-23 00:00,,495,-26.5,-27.5,,
47138,2020-09-23 00:00,5810,500,-7.9,-22.9,15,210
47138,2020-09-23 00:00,,502,22,20.8,,
47138,2020-09-23 00:00,,511,-27.5,-28.6,,
47138,2020-09-23 00:00,,515,-6.5,-37.5,,
47138,2020-09-23 00:00,,534,-58.1,,,
47138,2020-09-23 00:00,,547,22,20.9,,
47138,2020-09-23 00:00,,553,-62.7,,,
47138,2020-09-23 00:00,,556,23,20.4,,
47138,2020-09-23 00:00,,558,-2.5,-42.5,,
47138,2020-09-23 00:00,,562,26,24.7,,
47138,2020-09-23 00:00,,570,26,25,,
47138,2020-09-23 00:00,,572,-3.3,-28.3,,
47138,2020-09-23 00:00,,575,20,17.6,,
47138,2020-09-23 00:00,,604,18,17,,
47138,2020-09-23 00:00,,610,-60.7,,,
47138,2020-09-23 00:00,,614,-23.5,-24,,
47138,2020-09-23 00:00,,626,.6,-42.4,,
47138,2020-09-23 00:00,,630,1,0,,
47138,2020-09-23 00:00,,638,35,34,,
47138,2020-09-23 00:00,,640,1.2,-26.8,,
47138,2020-09-23 00:00,,646,29,27.9,,
47138,2020-09-23 00:00,,682,0,0,,
47138,2020-09-23 00:00,,690,26,24.2,,
47138,2020-09-23 00:00,2127,700,6.8,-23.2,3,185
47138,2020-09-23 00:00,,707,28,25.8,,
47138,2020-09-23 00:00,,741,28,25.1,,
47138,2020-09-23 00:00,,759,-68.5,,,
47138,2020-09-23 00:00,,774,11.8,-19.2,,
47138,2020-09-23 00:00,,781,27,22.8,,
47138,2020-09-23 00:00,,785,10.6,-14.4,,
47138,2020-09-23 00:00,,786,-11.5,-12.5,,
47138,2020-09-23 00:00,,790,6.4,-1.6,,
47138,2020-09-23 00:00,,793,6.4,-1.6,,
47138,2020-09-23 00:00,,795,5,4.7,,
47138,2020-09-23 00:00,,798,8,5.9,,
47138,2020-09-23 00:00,,837,-5.5,-7.6,,
47138,2020-09-23 00:00,,838,-66.3,,,
47138,2020-09-23 00:00,,845,-26.5,-29.1,,
47138,2020-09-23 00:00,1524,850,8.2,6.8,25,60
47138,2020-09-23 00:00,,874,28,23.8,,
47138,2020-09-23 00:00,,921,-26.5,-32.5,,
47138,2020-09-23 00:00,818,925,13,11.8,29,65
47138,2020-09-23 00:00,,928,-70.9,,,
47138,2020-09-23 00:00,,946,6,2.8,,
47138,2020-09-23 00:00,,964,15.4,14.1,,
47138,2020-09-23 00:00,,981,15.2,14.3,,
47138,2020-09-23 00:00,,999,-1.5,-3.8,,
47138,2020-09-23 00:00,156,1000,16.6,14.6,23,15
47138,2020-09-23 00:00,,1018,36,35.3,,
47138,2020-09-23 00:00,,1071,-28.5,-29.3,,
47138,2020-09-23 00:00,,1077,-22.5,-24,,
47138,2020-09-23 00:00,,1081,20,19.8,,
47158,2020-09-23 00:00,31390,10,-42.7,-78.7,7,165
47158,2020-09-23 00:00,26780,20,-51.5,,17,75
47158,2020-09-23 00:00,24140,30,-53.7,,1,305
47158,2020-09-23 00:00,20880,50,-59.1,,10,265
47158,2020-09-23 00:00,18790,70,-64.1,,16,295
47158,2020-09-23 00:00,16650,100,-68.1,,45,275
47158,2020-09-23 00:00,,111,-45.9,,,
47158,2020-09-23 00:00,,114,-16.5,-17.5,,
47158,2020-09-23 00:00,,120,-67.1,,,
47158,2020-09-23 00:00,,122,-25.5,-27.5,,
47158,2020-09-23 00:00,,125,8,7,,
47158,2020-09-23 00:00,,135,-10.5,-11.5,,
47158,2020-09-23 00:00,,141,-8.5,-10.3,,
47158,2020-09-23 00:00,,149,-26.5,-31.3,,
47158,2020-09-23 00:00,14180,150,-60.5,,49,265
47158,2020-09-23 00:00,,156,-8.5,-10.5,,
47158,2020-09-23 00:00,,162,-10.5,-11.9,,
47158,2020-09-23 00:00,,170,-6.5,-8.4,,
47158,2020-09-23 00:00,,179,-9.5,-10.8,,
47158,2020-09-23 00:00,,183,-55.9,-72.9,,
47158,2020-09-23 00:00,,189,6,3.8,,
47158,2020-09-23 00:00,,193,5,2.9,,
47158,2020-09-23 00:00,12350,200,-51.7,-68.7,70,260
47158,2020-09-23 00:00,,207,6,4.4,,
47158,2020-09-23 00:00,,209,-49.7,-63.7,,
47158,2020-09-23 00:00,,216,-9.5,-11,,
47158,2020-09-23 00:00,,222,-48.5,-53.5,,
47158,2020-09-23 00:00,,228,25,-10,,
47158,2020-09-23 00:00,,229,10,8.3,,
47158,2020-09-23 00:00,,236,-9.5,-11.3,,
47158,2020-09-23 00:00,,244,-4.5,-5.7,,
47158,2020-09-23 00:00,10087,250,-41.5,-48.5,77,255
47158,2020-09-23 00:00,,254,-7.5,-9.1,,
47158,2020-09-23 00:00,,261,7,6,,
47158,2020-09-23 00:00,,268,0,0,,
47158,2020-09-23 00:00,,270,-37.9,-50.9,,
47158,2020-09-23 00:00,,279,-51.1,,,
47158,2020-09-23 00:00,,294,-32.7,-34.6,,
47158,2020-09-23 00:00,9600,300,-31.7,-33.9,62,245
47158,2020-09-23 00:00,,326,-16.5,-17.5,,
47158,2020-09-23 00:00,,345,13,11.2,,
47158,2020-09-23 00:00,,354,-9.5,-10.5,,
47158,2020-09-23 00:00,,384,0,0,,
47158,2020-09-23 00:00,,399,20,19,,
47158,2020-09-23 00:00,7500,400,-16.9,-18.6,43,245
47158,2020-09-23 00:00,,406,-57.9,,,
47158,2020-09-23 00:00,,410,18,16.7,,
47158,2020-09-23 00:00,,412,-24.5,-28.8,,
47158,2020-09-23 00:00,,414,-15.7,-16.6,,
47158,2020-09-23 00:00,,422,-16.5,-17.6,,
47158,2020-09-23 00:00,,429,-18.5,-26.5,,
47158,2020-09-23 00:00,,434,10,9,,
47158,2020-09-23 00:00,,437,20,17.9,,
47158,2020-09-23 00:00,,438,-17.5,-31.5,,
47158,2020-09-23 00:00,,439,-54.7,,,
47158,2020-09-23 00:00,,445,3,2.4,,
47158,2020-09-23 00:00,,454,-32.5,-33.5,,
47158,2020-09-23 00:00,,467,28,26.9,,
47158,2020-09-23 00:00,,477,-10.9,-31.9,,
47158,2020-09-23 00:00,,488,18,16.3,,
47158,2020-09-23 00:00,5810,500,-8.5,-42.5,13,165
47158,2020-09-23 00:00,,506,16,14.7,,
47158,2020-09-23 00:00,,516,18,16.6,,
47158,2020-09-23 00:00,,518,24,22.2,,
47158,2020-09-23 00:00,,521,18,16.8,,
47158,2020-09-23 00:00,,526,-17.5,-18.5,,
47158,2020-09-23 00:00,,528,-58.1,,,
47158,2020-09-23 00:00,,533,-6.3,-16.3,,
47158,2020-09-23 00:00,,537,-6.3,-13.3,,
47158,2020-09-23 00:00,,539,24,22.3,,
47158,2020-09-23 00:00,,548,-63.1,,,
47158,2020-09-23 00:00,,568,19,16.7,,
47158,2020-09-23 00:00,,570,-3.9,-14.9,,
47158,2020-09-23 00:00,,571,29,28.8,,
47158,2020-09-23 00:00,,573,-4.1,-10.1,,
47158,2020-09-23 00:00,,583,18,16.5,,
47158,2020-09-23 00:00,,584,18,16.6,,
47158,2020-09-23 00:00,,589,17,16,,
47158,2020-09-23 00:00,,597,-60.9,,,
47158,2020-09-23 00:00,,599,-1.7,-16.7,,
47158,2020-09-23 00:00,,606,-3.5,-3.6,,
47158,2020-09-23 00:00,,608,-2.5,-9.5,,
47158,2020-09-23 00:00,,627,-29.5,-30.5,,
47158,2020-09-23 00:00,,652,-26.5,-28,,
47158,2020-09-23 00:00,,684,-26.5,-27.9,,
47158,2020-09-23 00:00,,692,-63.3,,,
47158,2020-09-23 00:00,,693,28,26.6,,
47158,2020-09-23 00:00,,699,6.6,-21.4,,
47158,2020-09-23 00:00,2132,700,6.6,-22.4,1,275
47158,2020-09-23 00:00,,706,-29.5,-31.6,,
47158,2020-09-23 00:00,,735,-27.5,-30.7,,
47158,2020-09-23 00:00,,744,13,12,,
47158,2020-09-23 00:00,,756,28,24.7,,
47158,2020-09-23 00:00,,788,12.2,-13.8,,
47158,2020-09-23 00:00,,790,-25.5,-28.7,,
47158,2020-09-23 00:00,,808,7.2,-2.8,,
47158,2020-09-23 00:00,,824,-26.5,-29.1,,
47158,2020-09-23 00:00,,840,-13.5,-14.6,,
47158,2020-09-23 00:00,,841,-67.3,,,
47158,2020-09-23 00:00,,844,-28.5,-31.9,,
47158,2020-09-23 00:00,1523,850,9.8,3.8,14,125
47158,2020-09-23 00:00,,857,-70.7,,,
47158,2020-09-23 00:00,,861,10.4,5.4,,
47158,2020-09-23 00:00,,867,-11.5,-13.2,,
47158,2020-09-23 00:00,,888,-9.5,-10.7,,
47158,2020-09-23 00:00,,893,-71.5,,,
47158,2020-09-23 00:00,,913,12,11,,
47158,2020-09-23 00:00,814,925,13.6,6.6,5,100
47158,2020-09-23 00:00,,957,-68.3,,,
47158,2020-09-23 00:00,,960,16.2,8.2,,
47158,2020-09-23 00:00,,979,-5.5,-6.5,,
47158,2020-09-23 00:00,,984,-4.5,-5.5,,
47158,2020-09-23 00:00,151,1000,16.2,11.2,7,20
47158,2020-09-23 00:00,,1011,16,11.9,,
47158,2020-09-23 00:00,,1012,16,12.1,,
47158,2020-09-23 00:00,,1013,18.2,14.8,,
47158,2020-09-23 00:00,,1015,0,0,,
47158,2020-09-23 00:00,,1090,-14.5,-15.2,,
47169,2020-09-23 00:00,31220,10,-43.9,,14,160
47169,2020-09-23 00:00,26650,20,-51.7,,21,75
47169,2020-09-23 00:00,24030,30,-55.3,,6,195
47169,2020-09-23 00:00,20800,50,-60.1,,9,265
47169,2020-09-23 00:00,18730,70,-66.3,,20,300
47169,2020-09-23 00:00,16600,100,-27.5,-32.2,,
47169,2020-09-23 00:00,,105,-17.5,-18.6,,
47169,2020-09-23 00:00,,111,-69.9,,,
47169,2020-09-23 00:00,,113,-43.1,,,
47169,2020-09-23 00:00,,116,-13.5,-14,,
47169,2020-09-23 00:00,,119,13,11.9,,
47169,2020-09-23 00:00,,125,8,6.9,,
47169,2020-09-23 00:00,,129,10,9,,
47169,2020-09-23 00:00,,132,-7.5,-8.5,,
47169,2020-09-23 00:00,,136,-25.5,-28.5,,
47169,2020-09-23 00:00,,146,-26.5,-30.9,,
47169,2020-09-23 00:00,,148,-7.5,-9.7,,
47169,2020-09-23 00:00,14150,150,-60.5,,48,270
47169,2020-09-23 00:00,,155,-50.7,,,
47169,2020-09-23 00:00,,156,-9.5,-11.6,,
47169,2020-09-23 00:00,,164,6,3.2,,
47169,2020-09-23 00:00,,169,26,10,,
47169,2020-09-23 00:00,,170,6,3.6,,
47169,2020-09-23 00:00,,172,-49.7,,,
47169,2020-09-23 00:00,,176,-9.5,-11.3,,
47169,2020-09-23 00:00,,180,-9.5,-11.6,,
47169,2020-09-23 00:00,,183,26,11,,
47169,2020-09-23 00:00,,186,7,4.9,,
47169,2020-09-23 00:00,,195,9,6.9,,
47169,2020-09-23 00:00,12330,200,-51.3,-73.3,71,255
47169,2020-09-23 00:00,,204,-6.5,-8.5,,
47169,2020-09-23 00:00,,211,9,6.8,,
47169,2020-09-23 00:00,,216,-7.5,-9.7,,
47169,2020-09-23 00:00,,223,6,4.3,,
47169,2020-09-23 00:00,,224,-47.1,-76.1,,
47169,2020-09-23 00:00,,226,-47.1,-54.1,,
47169,2020-09-23 00:00,,231,8,6.3,,
47169,2020-09-23 00:00,,233,-24.5,-58.5,,
47169,2020-09-23 00:00,,236,-44.7,-45.2,,
47169,2020-09-23 00:00,,238,5,3.8,,
47169,2020-09-23 00:00,,241,5,3.8,,
47169,2020-09-23 00:00,,243,-43.1,-46.7,,
47169,2020-09-23 00:00,10085,250,-41.7,-44.6,79,250
47169,2020-09-23 00:00,,251,-10.5,-11.6,,
47169,2020-09-23 00:00,,257,-39.9,-43.9,,
47169,2020-09-23 00:00,,258,-39.7,-43.4,,
47169,2020-09-23 00:00,,262,0,0,,
47169,2020-09-23 00:00,,281,-35.1,-45.1,,
47169,2020-09-23 00:00,,282,-35.1,-51.1,,
47169,2020-09-23 00:00,,285,-35.1,-37.5,,
47169,2020-09-23 00:00,,291,-33.7,-38.1,,
47169,2020-09-23 00:00,,293,-33.5,-34.9,,
47169,2020-09-23 00:00,9580,300,-31.9,-33.8,72,255
47169,2020-09-23 00:00,,302,-25.5,-47.5,,
47169,2020-09-23 00:00,,304,-31.1,-32.1,,
47169,2020-09-23 00:00,,310,-15.5,-16.6,,
47169,2020-09-23 00:00,,318,-11.5,-12.5,,
47169,2020-09-23 00:00,,324,-14.5,-16,,
47169,2020-09-23 00:00,,328,15,13.2,,
47169,2020-09-23 00:00,,333,-25.5,-38.5,,
47169,2020-09-23 00:00,,338,-12.5,-14.3,,
47169,2020-09-23 00:00,,339,-54.3,,,
47169,2020-09-23 00:00,,342,-24.7,-38.7,,
47169,2020-09-23 00:00,,344,-25.1,-31.1,,
47169,2020-09-23 00:00,,348,10,9,,
47169,2020-09-23 00:00,,349,-24.9,-27.8,,
47169,2020-09-23 00:00,,352,-24.3,-27.6,,
47169,2020-09-23 00:00,,378,14,13.8,,
47169,2020-09-23 00:00,,393,22,21,,
47169,2020-09-23 00:00,,397,-58.3,,,
47169,2020-09-23 00:00,7490,400,-17.3,-19.4,44,260
47169,2020-09-23 00:00,,404,-17.5,-19,,
47169,2020-09-23 00:00,,410,-16.5,-18.1,,
47169,2020-09-23 00:00,,424,13,12,,
47169,2020-09-23 00:00,,429,-55.5,,,
47169,2020-09-23 00:00,,432,-12.9,-16.1,,
47169,2020-09-23 00:00,,447,-25.5,-28.3,,
47169,2020-09-23 00:00,,449,-58.7,,,
47169,2020-09-23 00:00,,465,25,21.8,,
47169,2020-09-23 00:00,,473,-25.5,-26.6,,
47169,2020-09-23 00:00,,477,-10.1,-10.1,,
47169,2020-09-23 00:00,,479,-23.5,-26.7,,
47169,2020-09-23 00:00,,489,28,27.5,,
47169,2020-09-23 00:00,5780,500,-9.5,-11.5,18,195
47169,2020-09-23 00:00,,508,-18.5,-19.6,,
47169,2020-09-23 00:00,,514,-59.5,,,
47169,2020-09-23 00:00,,518,-14.5,-15.5,,
47169,2020-09-23 00:00,,524,25,23.9,,
47169,2020-09-23 00:00,,528,-63.3,,,
47169,2020-09-23 00:00,,539,21,19.2,,
47169,2020-09-23 00:00,,546,-7.3,-9.2,,
47169,2020-09-23 00:00,,553,-8.5,-12.2,,
47169,2020-09-23 00:00,,557,0,0,,
47169,2020-09-23 00:00,,569,-61.3,,,
47169,2020-09-23 00:00,,586,-15.5,-16.5,,
47169,2020-09-23 00:00,,601,-4.5,-4.6,,
47169,2020-09-23 00:00,,617,31,30,,
47169,2020-09-23 00:00,,644,.8,-26.2,,
47169,2020-09-23 00:00,,657,-26.5,-27.8,,
47169,2020-09-23 00:00,,663,-63.5,,,
47169,2020-09-23 00:00,,673,3,-10,,
47169,2020-09-23 00:00,,681,-26.5,-27.9,,
47169,2020-09-23 00:00,2120,700,5.8,-9.2,9,100
47169,2020-09-23 00:00,,705,-30.5,-32.8,,
47169,2020-09-23 00:00,,729,28,25.2,,
47169,2020-09-23 00:00,,734,-8.5,-9.5,,
47169,2020-09-23 00:00,,750,10.8,-15.2,,
47169,2020-09-23 00:00,,766,-70.1,,,
47169,2020-09-23 00:00,,776,14,12.8,,
47169,2020-09-23 00:00,,795,12.8,-21.2,,
47169,2020-09-23 00:00,,796,26,23.5,,
47169,2020-09-23 00:00,,797,-13.5,-14.7,,
47169,2020-09-23 00:00,,809,-67.9,,,
47169,2020-09-23 00:00,,817,11.6,-23.4,,
47169,2020-09-23 00:00,,820,8,7,,
47169,2020-09-23 00:00,,825,8.4,-.6,,
47169,2020-09-23 00:00,,829,-28.5,-31.8,,
47169,2020-09-23 00:00,,838,7.6,4.7,,
47169,2020-09-23 00:00,1508,850,8.4,5.3,8,95
47169,2020-09-23 00:00,,864,-6.5,-7.5,,
47169,2020-09-23 00:00,,872,-71.9,,,
47169,2020-09-23 00:00,,890,-25.5,-29.1,,
47169,2020-09-23 00:00,,897,-6.5,-7.5,,
47169,2020-09-23 00:00,,910,5,4,,
47169,2020-09-23 00:00,801,925,14.8,6.8,9,65
47169,2020-09-23 00:00,,941,7,6,,
47169,2020-09-23 00:00,,989,19.6,9.6,,
47169,2020-09-23 00:00,134,1000,18.8,14.2,7,40
47169,2020-09-23 00:00,,1003,18.6,15,,
47169,2020-09-23 00:00,,1006,2,1.4,,
47169,2020-09-23 00:00,,1096,20,19.1,,
47169,2020-09-23 00:00,,1099,16,14.8,,
47401,2020-09-23 00:00,20750,50,-52.9,,17,255
47401,2020-09-23 00:00,18590,70,-57.1,,17,245
47401,2020-09-23 00:00,16330,100,-56.7,,47,260
47401,2020-09-23 00:00,,106,-57.9,,,
47401,2020-09-23 00:00,,108,-25.5,-35.5,,
47401,2020-09-23 00:00,,113,25,21,,
47401,2020-09-23 00:00,,133,25,13,,
47401,2020-09-23 00:00,,149,-24.5,-26.5,,
47401,2020-09-23 00:00,13760,150,-55.5,,54,250
47401,2020-09-23 00:00,,195,25,19,,
47401,2020-09-23 00:00,11910,200,-53.1,,52,245
47401,2020-09-23 00:00,,206,25,20.5,,
47401,2020-09-23 00:00,,245,-52.7,,,
47401,2020-09-23 00:00,10048,250,-52.5,,49,250
47401,2020-09-23 00:00,,272,25,20.5,,
47401,2020-09-23 00:00,9280,300,-46.3,,39,245
47401,2020-09-23 00:00,,304,-45.7,,,
47401,2020-09-23 00:00,,333,24,20.9,,
47401,2020-09-23 00:00,,336,26,24.4,,
47401,2020-09-23 00:00,,342,-40.1,-56.1,,
47401,2020-09-23 00:00,,351,27,25.1,,
47401,2020-09-23 00:00,,365,-36.5,-57.5,,
47401,2020-09-23 00:00,,366,-36.9,-47.9,,
47401,2020-09-23 00:00,,374,24,21.5,,
47401,2020-09-23 00:00,,393,-33.5,-44.5,,
47401,2020-09-23 00:00,,396,-33.5,-38.5,,
47401,2020-09-23 00:00,,399,-33.1,-34.9,,
47401,2020-09-23 00:00,7320,400,22,20.4,,
47401,2020-09-23 00:00,,420,26,23.5,,
47401,2020-09-23 00:00,,423,-56.1,,,
47401,2020-09-23 00:00,,449,-23.5,-26,,
47401,2020-09-23 00:00,,485,-20.7,-33.7,,
47401,2020-09-23 00:00,,490,-20.5,-27.5,,
47401,2020-09-23 00:00,,492,26,23.7,,
47401,2020-09-23 00:00,,495,-20.1,-32.1,,
47401,2020-09-23 00:00,5700,500,-19.9,-26.9,21,260
47401,2020-09-23 00:00,,505,-52.9,,,
47401,2020-09-23 00:00,,512,-18.5,-24.5,,
47401,2020-09-23 00:00,,530,-26.5,-27.3,,
47401,2020-09-23 00:00,,552,30,28.1,,
47401,2020-09-23 00:00,,574,-11.7,-16.7,,
47401,2020-09-23 00:00,,579,-11.1,-17.1,,
47401,2020-09-23 00:00,,589,-25.5,-28.8,,
47401,2020-09-23 00:00,,595,-9.1,-35.1,,
47401,2020-09-23 00:00,,601,-26.5,-28.1,,
47401,2020-09-23 00:00,,617,-8.5,-37.5,,
47401,2020-09-23 00:00,,626,24,22.4,,
47401,2020-09-23 00:00,,628,-9.1,-17.1,,
47401,2020-09-23 00:00,,636,-8.9,-12.7,,
47401,2020-09-23 00:00,,658,-7.1,-10.6,,
47401,2020-09-23 00:00,,662,25,22.1,,
47401,2020-09-23 00:00,,665,-6.3,-17.3,,
47401,2020-09-23 00:00,,688,-22.5,-23.1,,
47401,2020-09-23 00:00,,689,-23.5,-25.4,,
47401,2020-09-23 00:00,2121,700,-3.5,-12.5,6,240
47401,2020-09-23 00:00,,719,25,24.2,,
47401,2020-09-23 00:00,,721,-25.5,-27.8,,
47401,2020-09-23 00:00,,750,-22.5,-23.1,,
47401,2020-09-23 00:00,,764,25,24.6,,
47401,2020-09-23 00:00,,766,-23.5,-26.4,,
47401,2020-09-23 00:00,,808,24,20.7,,
47401,2020-09-23 00:00,,809,3.4,-2.6,,
47401,2020-09-23 00:00,,828,-57.7,,,
47401,2020-09-23 00:00,,833,-14.5,-14.9,,
47401,2020-09-23 00:00,,842,6,-4,,
47401,2020-09-23 00:00,1557,850,5.8,-.2,2,155
47401,2020-09-23 00:00,,854,25,22.7,,
47401,2020-09-23 00:00,,855,5.4,.6,,
47401,2020-09-23 00:00,,868,14,13.8,,
47401,2020-09-23 00:00,,895,11,9.6,,
47401,2020-09-23 00:00,,908,27,23.5,,
47401,2020-09-23 00:00,,917,-54.3,,,
47401,2020-09-23 00:00,,918,6.8,5.6,,
47401,2020-09-23 00:00,862,925,7.2,6.8,21,110
47401,2020-09-23 00:00,,926,11,8.9,,
47401,2020-09-23 00:00,213,1000,13.6,8.6,17,95
47401,2020-09-23 00:00,,1025,10,8.4,,
47412,2020-09-23 00:00,18640,70,-59.1,,27,235
47412,2020-09-23 00:00,16390,100,-58.5,,58,265
47412,2020-09-23 00:00,,101,-58.5,,,
47412,2020-09-23 00:00,,102,-26.5,-30.5,,
47412,2020-09-23 00:00,,108,-26.5,-44.5,,
47412,2020-09-23 00:00,,112,-61.7,,,
47412,2020-09-23 00:00,,126,-25.5,-53.5,,
47412,2020-09-23 00:00,13850,150,-57.3,,87,245
47412,2020-09-23 00:00,,159,-55.1,,,
47412,2020-09-23 00:00,,179,24,-17,,
47412,2020-09-23 00:00,12010,200,-50.5,,86,245
47412,2020-09-23 00:00,,237,-50.7,,,
47412,2020-09-23 00:00,10055,250,-49.3,,70,245
47412,2020-09-23 00:00,9340,300,-42.3,,58,255
47412,2020-09-23 00:00,,305,25,17,,
47412,2020-09-23 00:00,,321,-40.1,-61.1,,
47412,2020-09-23 00:00,,332,-38.7,-62.7,,
47412,2020-09-23 00:00,,339,-39.5,-45.5,,
47412,2020-09-23 00:00,,358,24,20.5,,
47412,2020-09-23 00:00,,399,25,22.7,,
47412,2020-09-23 00:00,7350,400,-30.5,-33.4,23,250
47412,2020-09-23 00:00,,403,-30.1,-31.7,,
47412,2020-09-23 00:00,,428,-26.9,-29.2,,
47412,2020-09-23 00:00,,433,-26.5,-33.5,,
47412,2020-09-23 00:00,,491,-19.3,-27.3,,
47412,2020-09-23 00:00,5720,500,-18.1,-26.1,16,255
47412,2020-09-23 00:00,,506,-17.7,-21.4,,
47412,2020-09-23 00:00,,512,-16.9,-26.9,,
47412,2020-09-23 00:00,,513,-17.1,-21.8,,
47412,2020-09-23 00:00,,536,-25.5,-26.9,,
47412,2020-09-23 00:00,,541,-13.5,-18.2,,
47412,2020-09-23 00:00,,551,-25.5,-28.2,,
47412,2020-09-23 00:00,,564,24,21.3,,
47412,2020-09-23 00:00,,574,-55.9,,,
47412,2020-09-23 00:00,,591,-22.5,-24.1,,
47412,2020-09-23 00:00,,600,27,24.1,,
47412,2020-09-23 00:00,,626,-26.5,-30.2,,
47412,2020-09-23 00:00,,641,-57.7,,,
47412,2020-09-23 00:00,,666,-60.5,,,
47412,2020-09-23 00:00,,675,-20.5,-20.9,,
47412,2020-09-23 00:00,,697,23,20.3,,
47412,2020-09-23 00:00,2125,700,-1.7,-1.9,4,330
47412,2020-09-23 00:00,,708,33,32.6,,
47412,2020-09-23 00:00,,742,-12.5,-12.7,,
47412,2020-09-23 00:00,,743,1,-.4,,
47412,2020-09-23 00:00,,744,-26.5,-29.4,,
47412,2020-09-23 00:00,,766,1.8,-1.1,,
47412,2020-09-23 00:00,,793,-55.7,,,
47412,2020-09-23 00:00,,820,15,13.8,,
47412,2020-09-23 00:00,,825,6.8,-.2,,
47412,2020-09-23 00:00,,832,-24.5,-29,,
47412,2020-09-23 00:00,,836,7,3.2,,
47412,2020-09-23 00:00,1552,850,7.6,4.8,14,165
47412,2020-09-23 00:00,,901,-15.5,-17.4,,
47412,2020-09-23 00:00,849,925,11.6,8.6,21,155
47412,2020-09-23 00:00,,935,26,21.7,,
47412,2020-09-23 00:00,,964,13.6,11.5,,
47412,2020-09-23 00:00,,972,-26.5,-30.5,,
47412,2020-09-23 00:00,,978,-16.5,-18.1,,
47412,2020-09-23 00:00,191,1000,15.6,13.3,8,140
47412,2020-09-23 00:00,,1020,13,12.6,,
47418,2020-09-23 00:00,,165,-25.1,-25.8,,
47418,2020-09-23 00:00,,177,-55.7,,,
47418,2020-09-23 00:00,,180,24.6,23.1,,
47418,2020-09-23 00:00,12060,200,-53.1,,109,240
47418,2020-09-23 00:00,,225,23.6,22.7,,
47418,2020-09-23 00:00,10060,250,-46.7,,89,235
47418,2020-09-23 00:00,9380,300,-41.3,,66,245
47418,2020-09-23 00:00,,309,-40.1,-60.1,,
47418,2020-09-23 00:00,,311,-24.5,-36.5,,
47418,2020-09-23 00:00,,351,-33.3,-47.3,,
47418,2020-09-23 00:00,,373,-24.5,-32.5,,
47418,2020-09-23 00:00,7370,400,-26.5,-42.5,,
47418,2020-09-23 00:00,,418,-25.5,-28.4,,
47418,2020-09-23 00:00,,449,-22.7,-44.7,,
47418,2020-09-23 00:00,,453,-22.7,-39.7,,
47418,2020-09-23 00:00,,464,25,23.6,,
47418,2020-09-23 00:00,,495,-17.9,-27.9,,
47418,2020-09-23 00:00,5730,500,-17.5,-24.5,19,240
47418,2020-09-23 00:00,,515,24,21.9,,
47418,2020-09-23 00:00,,547,-11.5,-29.5,,
47418,2020-09-23 00:00,,567,-9.5,-23.5,,
47418,2020-09-23 00:00,,576,-8.5,-30.5,,
47418,2020-09-23 00:00,,585,-8.3,-19.3,,
47418,2020-09-23 00:00,,599,-27.5,-28.7,,
47418,2020-09-23 00:00,,603,-6.7,-24.7,,
47418,2020-09-23 00:00,,637,-5.5,-33.5,,
47418,2020-09-23 00:00,,647,-6.1,-20.1,,
47418,2020-09-23 00:00,,664,33,32.2,,
47418,2020-09-23 00:00,,668,-5.3,-7.9,,
47418,2020-09-23 00:00,,684,28,27.4,,
47418,2020-09-23 00:00,2130,700,-2.5,-5.8,6,275
47418,2020-09-23 00:00,,716,29,28.4,,
47418,2020-09-23 00:00,,738,24,23.6,,
47418,2020-09-23 00:00,,808,-4.5,-5.1,,
47418,2020-09-23 00:00,,816,5.4,1.8,,
47418,2020-09-23 00:00,,831,-5.5,-6.5,,
47418,2020-09-23 00:00,1560,850,5.8,4.7,12,25
47418,2020-09-23 00:00,,870,1,-.2,,
47418,2020-09-23 00:00,,884,8,3.8,,
47418,2020-09-23 00:00,,892,8,3,,
47418,2020-09-23 00:00,,903,-4.5,-5.5,,
47418,2020-09-23 00:00,,904,5.4,1.9,,
47418,2020-09-23 00:00,,908,6,5.3,,
47418,2020-09-23 00:00,864,925,7.4,7.4,12,55
47418,2020-09-23 00:00,,984,-6.5,-7.5,,
47418,2020-09-23 00:00,,995,13.2,8.8,,
47418,2020-09-23 00:00,215,1000,13.6,9.1,8,75
47418,2020-09-23 00:00,,1023,11,10.6,,
47582,2020-09-23 00:00,,-998,,,54,255
47582,2020-09-23 00:00,31220,10,-45.3,,4,60
47582,2020-09-23 00:00,26660,20,-51.9,,10,345
47582,2020-09-23 00:00,24060,30,-56.1,,8,110
47582,2020-09-23 00:00,20810,50,-56.5,,10,175
47582,2020-09-23 00:00,18700,70,-62.1,,37,235
47582,2020-09-23 00:00,16510,100,-63.5,,43,260
47582,2020-09-23 00:00,,102,-4.5,-4.9,,
47582,2020-09-23 00:00,,104,-26.5,-31.4,,
47582,2020-09-23 00:00,,106,9,7.8,,
47582,2020-09-23 00:00,,108,-46.9,,,
47582,2020-09-23 00:00,,109,-61.7,,,
47582,2020-09-23 00:00,,112,-10.5,-11.7,,
47582,2020-09-23 00:00,,116,-26.5,-48.5,,
47582,2020-09-23 00:00,,121,10,8.8,,
47582,2020-09-23 00:00,,124,-60.7,,,
47582,2020-09-23 00:00,,126,-13.5,-15.2,,
47582,2020-09-23 00:00,,131,-63.1,,,
47582,2020-09-23 00:00,,132,-26.1,-27,,
47582,2020-09-23 00:00,,137,-65.5,,,
47582,2020-09-23 00:00,,144,-6.5,-7.5,,
47582,2020-09-23 00:00,,148,24.6,22.5,,
47582,2020-09-23 00:00,,149,-6.5,-7.5,,
47582,2020-09-23 00:00,14020,150,-63.9,,119,240
47582,2020-09-23 00:00,,156,-2.5,-3.5,,
47582,2020-09-23 00:00,,164,-2.5,-3.5,,
47582,2020-09-23 00:00,,167,-59.9,,,
47582,2020-09-23 00:00,,176,-34.5,-35.7,,
47582,2020-09-23 00:00,,190,33,32,,
47582,2020-09-23 00:00,,193,-51.9,,,
47582,2020-09-23 00:00,,198,-24.5,-69.5,,
47582,2020-09-23 00:00,12200,200,-51.1,,93,250
47582,2020-09-23 00:00,,212,-35.5,-35.7,,
47582,2020-09-23 00:00,,221,-18.5,-19.1,,
47582,2020-09-23 00:00,,234,-53.9,,,
47582,2020-09-23 00:00,,235,15,14.2,,
47582,2020-09-23 00:00,,248,-15.5,-15.7,,
47582,2020-09-23 00:00,10073,250,-44.3,,82,250
47582,2020-09-23 00:00,,260,-12.5,-13.5,,
47582,2020-09-23 00:00,,277,-6.5,-7.1,,
47582,2020-09-23 00:00,,278,-40.1,-64.1,,
47582,2020-09-23 00:00,,281,-25.5,-57.5,,
47582,2020-09-23 00:00,,295,-7.5,-7.7,,
47582,2020-09-23 00:00,,298,-37.7,-55.7,,
47582,2020-09-23 00:00,,299,11,10.2,,
47582,2020-09-23 00:00,9490,300,-37.7,-58.7,87,260
47582,2020-09-23 00:00,,303,-37.5,-56.5,,
47582,2020-09-23 00:00,,314,8,7.2,,
47582,2020-09-23 00:00,,320,1,.4,,
47582,2020-09-23 00:00,,330,30,29,,
47582,2020-09-23 00:00,,345,-54.7,,,
47582,2020-09-23 00:00,,374,-16.5,-18.1,,
47582,2020-09-23 00:00,,383,-26.5,-52.5,,
47582,2020-09-23 00:00,,391,-14.5,-15.1,,
47582,2020-09-23 00:00,,397,-22.5,-23.1,,
47582,2020-09-23 00:00,7440,400,-21.9,-55.9,66,260
47582,2020-09-23 00:00,,404,-24.5,-25.5,,
47582,2020-09-23 00:00,,424,-26.5,-30.5,,
47582,2020-09-23 00:00,,426,-18.9,-53.9,,
47582,2020-09-23 00:00,,460,23,20.9,,
47582,2020-09-23 00:00,,462,-58.1,,,
47582,2020-09-23 00:00,,466,26,22,,
47582,2020-09-23 00:00,,475,-15.1,-39.1,,
47582,2020-09-23 00:00,5770,500,-12.3,-41.3,39,265
47582,2020-09-23 00:00,,504,18,17.2,,
47582,2020-09-23 00:00,,512,-12.3,-34.3,,
47582,2020-09-23 00:00,,514,25,24.4,,
47582,2020-09-23 00:00,,527,29,27.6,,
47582,2020-09-23 00:00,,553,-26.5,-28.1,,
47582,2020-09-23 00:00,,563,-27.5,-28.9,,
47582,2020-09-23 00:00,,569,-56.5,,,
47582,2020-09-23 00:00,,571,28,26.8,,
47582,2020-09-23 00:00,,587,-4.5,-29.5,,
47582,2020-09-23 00:00,,592,28,25.9,,
47582,2020-09-23 00:00,,628,-24.5,-28.2,,
47582,2020-09-23 00:00,,658,23,20.3,,
47582,2020-09-23 00:00,,670,-25.5,-26.7,,
47582,2020-09-23 00:00,,677,-24.5,-27.8,,
47582,2020-09-23 00:00,,683,21,19.8,,
47582,2020-09-23 00:00,,688,2.6,-26.4,,
47582,2020-09-23 00:00,,695,24,20.3,,
47582,2020-09-23 00:00,2126,700,2.4,-10.6,16,225
47582,2020-09-23 00:00,,703,-22.5,-24.1,,
47582,2020-09-23 00:00,,718,1.2,.6,,
47582,2020-09-23 00:00,,722,20,19.2,,
47582,2020-09-23 00:00,,738,-20.5,-21.3,,
47582,2020-09-23 00:00,,759,-23.5,-26.2,,
47582,2020-09-23 00:00,,763,14,13.4,,
47582,2020-09-23 00:00,,786,15,13.6,,
47582,2020-09-23 00:00,,794,-27.5,-30.2,,
47582,2020-09-23 00:00,,813,-61.5,,,
47582,2020-09-23 00:00,1534,850,11.4,7.1,10,175
47582,2020-09-23 00:00,,858,18,17,,
47582,2020-09-23 00:00,,870,26,22,,
47582,2020-09-23 00:00,,872,-66.5,,,
47582,2020-09-23 00:00,819,925,24,19.3,,
47582,2020-09-23 00:00,,926,17.8,8.8,,
47582,2020-09-23 00:00,,928,16.4,10.4,,
47582,2020-09-23 00:00,,935,14,11.5,,
47582,2020-09-23 00:00,,983,26,22.1,,
47582,2020-09-23 00:00,149,1000,20.8,11.8,14,100
47582,2020-09-23 00:00,,1017,9,8.5,,
47582,2020-09-23 00:00,,1076,20,19.4,,
47582,2020-09-23 00:00,,1083,-22.5,-23.3,,
47582,2020-09-23 00:00,,1087,-16.5,-17.1,,
47582,2020-09-23 00:00,,1090,-5.5,-6.1,,
47582,2020-09-23 00:00,,1095,11,9.6,,
47600,2020-09-23 00:00,,100,-27.5,-55.5,,
47600,2020-09-23 00:00,,107,-72.5,,,
47600,2020-09-23 00:00,,112,-24.5,-50.5,,
47600,2020-09-23 00:00,14130,150,-63.7,,86,240
47600,2020-09-23 00:00,,154,-62.7,,,
47600,2020-09-23 00:00,,178,23,-24,,
47600,2020-09-23 00:00,,188,-23.5,-64.5,,
47600,2020-09-23 00:00,12320,200,-50.5,,74,240
47600,2020-09-23 00:00,,206,-24.5,-42.5,,
47600,2020-09-23 00:00,,227,-46.3,,,
47600,2020-09-23 00:00,,247,-26.5,-54.5,,
47600,2020-09-23 00:00,10084,250,-43.5,,78,265
47600,2020-09-23 00:00,,264,-40.1,-47.1,,
47600,2020-09-23 00:00,,277,-36.9,-43.9,,
47600,2020-09-23 00:00,9580,300,-32.5,-42.5,74,260
47600,2020-09-23 00:00,,307,-31.5,-43.5,,
47600,2020-09-23 00:00,,316,-31.3,-39.3,,
47600,2020-09-23 00:00,,328,26,12,,
47600,2020-09-23 00:00,,345,-25.9,-30.8,,
47600,2020-09-23 00:00,,351,-25.3,-28.6,,
47600,2020-09-23 00:00,,359,-25.9,-30.9,,
47600,2020-09-23 00:00,,383,-22.5,-35.5,,
47600,2020-09-23 00:00,,387,26,21.3,,
47600,2020-09-23 00:00,7500,400,-19.7,-35.7,43,255
47600,2020-09-23 00:00,,402,-19.3,-37.3,,
47600,2020-09-23 00:00,,473,-27.5,-30.4,,
47600,2020-09-23 00:00,,474,-9.5,-37.5,,
47600,2020-09-23 00:00,,494,25,22.3,,
47600,2020-09-23 00:00,5800,500,-8.1,-37.1,29,245
47600,2020-09-23 00:00,,543,26,23.3,,
47600,2020-09-23 00:00,,561,-2.5,-46.5,,
47600,2020-09-23 00:00,,612,-32.5,-33.3,,
47600,2020-09-23 00:00,,615,-1.3,-28.3,,
47600,2020-09-23 00:00,,644,1.6,-18.4,,
47600,2020-09-23 00:00,,655,3,-24,,
47600,2020-09-23 00:00,,675,27,25.8,,
47600,2020-09-23 00:00,,695,-23.5,-24.5,,
47600,2020-09-23 00:00,2127,700,5.2,-11.8,8,225
47600,2020-09-23 00:00,,729,-24.5,-25.3,,
47600,2020-09-23 00:00,,749,9.2,-4.8,,
47600,2020-09-23 00:00,,761,28,27.2,,
47600,2020-09-23 00:00,,782,-34.5,-35.3,,
47600,2020-09-23 00:00,,784,11.2,-7.8,,
47600,2020-09-23 00:00,,802,10,4,,
47600,2020-09-23 00:00,,811,-4.5,-5.7,,
47600,2020-09-23 00:00,,836,13,6,,
47600,2020-09-23 00:00,,846,-8.5,-9.9,,
47600,2020-09-23 00:00,1516,850,12.8,8.9,14,90
47600,2020-09-23 00:00,,881,8,6.6,,
47600,2020-09-23 00:00,,907,15.2,14.3,,
47600,2020-09-23 00:00,,916,-5.5,-7.1,,
47600,2020-09-23 00:00,799,925,16.4,15.1,16,50
47600,2020-09-23 00:00,126,1000,22.2,18.3,17,35
47600,2020-09-23 00:00,,1013,2,.8,,
47646,2020-09-23 00:00,26660,20,-53.1,,4,10
47646,2020-09-23 00:00,24060,30,-55.3,,10,45
47646,2020-09-23 00:00,20840,50,-59.9,,16,255
47646,2020-09-23 00:00,18750,70,-64.9,,12,235
47646,2020-09-23 00:00,16610,100,-66.7,,21,270
47646,2020-09-23 00:00,,101,15,14,,
47646,2020-09-23 00:00,,102,-12.5,-13.7,,
47646,2020-09-23 00:00,,106,12,10.6,,
47646,2020-09-23 00:00,,110,-71.3,,,
47646,2020-09-23 00:00,,112,-27.5,-51.5,,
47646,2020-09-23 00:00,,119,-44.1,,,
47646,2020-09-23 00:00,,120,5,3.6,,
47646,2020-09-23 00:00,,121,-73.9,,,
47646,2020-09-23 00:00,,128,-6.5,-8.1,,
47646,2020-09-23 00:00,,131,-71.9,,,
47646,2020-09-23 00:00,,134,-3.5,-4.3,,
47646,2020-09-23 00:00,,145,-5.5,-6.3,,
47646,2020-09-23 00:00,,146,-24.1,-24.4,,
47646,2020-09-23 00:00,14200,150,-65.7,,103,240
47646,2020-09-23 00:00,,153,9,8.2,,
47646,2020-09-23 00:00,,154,-50.7,,,
47646,2020-09-23 00:00,,165,-23.5,-62.5,,
47646,2020-09-23 00:00,,166,-7.5,-8.5,,
47646,2020-09-23 00:00,,178,11,9.8,,
47646,2020-09-23 00:00,,186,-8.5,-9.9,,
47646,2020-09-23 00:00,,197,-22.5,-59.5,,
47646,2020-09-23 00:00,,199,-.5,-1.1,,
47646,2020-09-23 00:00,12400,200,-51.1,,87,230
47646,2020-09-23 00:00,,203,6,5.6,,
47646,2020-09-23 00:00,,210,-5.5,-6.5,,
47646,2020-09-23 00:00,,233,-7.5,-8.3,,
47646,2020-09-23 00:00,,240,-25.5,-33.5,,
47646,2020-09-23 00:00,,242,12,10.8,,
47646,2020-09-23 00:00,10091,250,-40.9,,58,265
47646,2020-09-23 00:00,,253,9,8.2,,
47646,2020-09-23 00:00,,260,-40.1,-49.1,,
47646,2020-09-23 00:00,,266,-9.5,-10.7,,
47646,2020-09-23 00:00,,272,-37.1,-44.1,,
47646,2020-09-23 00:00,,279,-35.5,-45.5,,
47646,2020-09-23 00:00,,298,-32.1,-42.1,,
47646,2020-09-23 00:00,9640,300,-31.9,-42.9,62,275
47646,2020-09-23 00:00,,306,-27.5,-37.5,,
47646,2020-09-23 00:00,,309,2,1.4,,
47646,2020-09-23 00:00,,331,24,23.8,,
47646,2020-09-23 00:00,,341,-25.3,-34.3,,
47646,2020-09-23 00:00,,353,15,14.6,,
47646,2020-09-23 00:00,,358,-22.7,-38.7,,
47646,2020-09-23 00:00,,375,16,15.8,,
47646,2020-09-23 00:00,,380,-23.5,-27.2,,
47646,2020-09-23 00:00,,382,-18.5,-19.5,,
47646,2020-09-23 00:00,,390,-16.7,-42.7,,
47646,2020-09-23 00:00,7550,400,-15.7,-47.7,39,245
47646,2020-09-23 00:00,,405,15,14,,
47646,2020-09-23 00:00,,406,-15.3,-43.3,,
47646,2020-09-23 00:00,,422,19,18,,
47646,2020-09-23 00:00,,438,-11.7,-23.7,,
47646,2020-09-23 00:00,,441,-25.5,-29.8,,
47646,2020-09-23 00:00,,444,-17.5,-18.1,,
47646,2020-09-23 00:00,,454,21,20.4,,
47646,2020-09-23 00:00,,461,-10.3,-15.3,,
47646,2020-09-23 00:00,,466,22,21.4,,
47646,2020-09-23 00:00,,481,28,27.4,,
47646,2020-09-23 00:00,5830,500,-6.7,-9.4,29,265
47646,2020-09-23 00:00,,504,25,23.4,,
47646,2020-09-23 00:00,,507,26,22.9,,
47646,2020-09-23 00:00,,518,-5.5,-6,,
47646,2020-09-23 00:00,,532,24,22.6,,
47646,2020-09-23 00:00,,547,-2.3,-4.1,,
47646,2020-09-23 00:00,,552,20,19.4,,
47646,2020-09-23 00:00,,572,-25.5,-26.1,,
47646,2020-09-23 00:00,,603,-61.3,,,
47646,2020-09-23 00:00,,606,23,20.9,,
47646,2020-09-23 00:00,,627,2.6,2.6,,
47646,2020-09-23 00:00,,635,19,17.1,,
47646,2020-09-23 00:00,,652,2.6,2.6,,
47646,2020-09-23 00:00,,662,-16.5,-17.1,,
47646,2020-09-23 00:00,,682,-28.5,-28.7,,
47646,2020-09-23 00:00,,694,-22.5,-23.9,,
47646,2020-09-23 00:00,,696,5.6,4.8,,
47646,2020-09-23 00:00,2137,700,5.6,4.6,12,325
47646,2020-09-23 00:00,,706,33,31.4,,
47646,2020-09-23 00:00,,710,-27.5,-28.9,,
47646,2020-09-23 00:00,,729,28,25.3,,
47646,2020-09-23 00:00,,732,-32.5,-34.4,,
47646,2020-09-23 00:00,,747,9.8,3.8,,
47646,2020-09-23 00:00,,753,33,32.2,,
47646,2020-09-23 00:00,,756,-68.5,,,
47646,2020-09-23 00:00,,761,9,3,,
47646,2020-09-23 00:00,,763,-3.5,-4.1,,
47646,2020-09-23 00:00,,776,6,4.8,,
47646,2020-09-23 00:00,,798,27,24.5,,
47646,2020-09-23 00:00,,800,11.6,5.6,,
47646,2020-09-23 00:00,,817,12.4,6.4,,
47646,2020-09-23 00:00,,830,-65.7,,,
47646,2020-09-23 00:00,,833,11,8.1,,
47646,2020-09-23 00:00,,840,11,9.9,,
47646,2020-09-23 00:00,1523,850,11.4,11.4,25,95
47646,2020-09-23 00:00,,851,10,7.5,,
47646,2020-09-23 00:00,,856,-69.1,,,
47646,2020-09-23 00:00,,874,-24.5,-28.6,,
47646,2020-09-23 00:00,808,925,16,14.9,21,80
47646,2020-09-23 00:00,,930,8,5.9,,
47646,2020-09-23 00:00,,971,25,22.9,,
47646,2020-09-23 00:00,139,1000,20.2,18.1,10,15
47646,2020-09-23 00:00,,1012,-.5,-1.1,,
47646,2020-09-23 00:00,,1013,36,35.3,,
47678,2020-09-23 00:00,18770,70,-68.3,,14,215
47678,2020-09-23 00:00,16650,100,-68.7,,17,270
47678,2020-09-23 00:00,,101,-69.3,,,
47678,2020-09-23 00:00,,106,28,23.9,,
47678,2020-09-23 00:00,,114,-27.5,-33.5,,
47678,2020-09-23 00:00,,132,-73.5,,68,225
47678,2020-09-23 00:00,,133,,,68,220
47678,2020-09-23 00:00,14250,150,-67.3,,64,210
47678,2020-09-23 00:00,,176,20,4,,
47678,2020-09-23 00:00,12450,200,-50.9,,56,200
47678,2020-09-23 00:00,,241,-40.1,-43.1,,
47678,2020-09-23 00:00,10096,250,-38.1,-40.7,43,195
47678,2020-09-23 00:00,9670,300,-28.5,-30.3,29,210
47678,2020-09-23 00:00,,303,-21.5,-24.2,,
47678,2020-09-23 00:00,,330,-23.5,-25.5,,
47678,2020-09-23 00:00,,337,-27.5,-30,,
47678,2020-09-23 00:00,,366,30,27.9,,
47678,2020-09-23 00:00,,380,32,31.6,,
47678,2020-09-23 00:00,,382,-18.3,-20,,
47678,2020-09-23 00:00,,395,-16.5,-16.7,,
47678,2020-09-23 00:00,,399,-19.5,-20.1,,
47678,2020-09-23 00:00,7550,400,-16.1,-17.4,6,195
47678,2020-09-23 00:00,,416,-13.1,-13.7,,
47678,2020-09-23 00:00,,419,23,21.8,,
47678,2020-09-23 00:00,,422,-12.1,-20.1,,
47678,2020-09-23 00:00,,424,-11.7,-11.7,,
47678,2020-09-23 00:00,,449,-20.5,-21.3,,
47678,2020-09-23 00:00,,459,14,13.6,,
47678,2020-09-23 00:00,,471,-12.5,-13.1,,
47678,2020-09-23 00:00,,482,-17.5,-18.1,,
47678,2020-09-23 00:00,5830,500,-4.7,-5.1,8,190
47678,2020-09-23 00:00,,528,22,21,,
47678,2020-09-23 00:00,,553,20,18.4,,
47678,2020-09-23 00:00,,566,.2,-1.6,,
47678,2020-09-23 00:00,,579,22,21,,
47678,2020-09-23 00:00,,626,-17.5,-19.2,,
47678,2020-09-23 00:00,,653,17,14.7,,
47678,2020-09-23 00:00,,685,-23.5,-24.9,,
47678,2020-09-23 00:00,2111,700,8.6,8.4,31,160
47678,2020-09-23 00:00,,733,20,19.4,,
47678,2020-09-23 00:00,,750,-66.1,,,
47678,2020-09-23 00:00,,753,-31.5,-31.9,,
47678,2020-09-23 00:00,,767,12,9.1,,
47678,2020-09-23 00:00,,780,-29.5,-30.7,,
47678,2020-09-23 00:00,,802,13,9.9,,
47678,2020-09-23 00:00,1484,850,15.6,15.5,31,120
47678,2020-09-23 00:00,,856,-72.9,,,
47678,2020-09-23 00:00,,873,11,8.7,,
47678,2020-09-23 00:00,,886,17.6,17.1,,
47678,2020-09-23 00:00,,889,11,7.5,,
47678,2020-09-23 00:00,,906,-21.5,-23.2,,
47678,2020-09-23 00:00,,907,10,7.1,,
47678,2020-09-23 00:00,,923,-7.5,-11.2,,
47678,2020-09-23 00:00,759,925,19.6,18.1,37,70
47678,2020-09-23 00:00,,949,6,1.7,,
47678,2020-09-23 00:00,,955,-22.5,-23.5,,
47678,2020-09-23 00:00,,978,-69.3,,,
47678,2020-09-23 00:00,,988,-7.5,-9.6,,
47678,2020-09-23 00:00,,992,23,21.2,,
47678,2020-09-23 00:00,,993,-26.5,-28.1,,
47678,2020-09-23 00:00,83,1000,,,,
47678,2020-09-23 00:00,,1992,23,21.2,12,65
47741,2020-09-23 00:00,31210,10,-42.5,,8,120
47741,2020-09-23 00:00,26640,20,-52.1,,14,75
47741,2020-09-23 00:00,24030,30,-54.7,,4,105
47741,2020-09-23 00:00,20810,50,-59.1,,4,275
47741,2020-09-23 00:00,18740,70,-66.5,,10,230
47741,2020-09-23 00:00,16610,100,-72.7,,60,255
47741,2020-09-23 00:00,,101,-42.5,,,
47741,2020-09-23 00:00,,102,25,19,,
47741,2020-09-23 00:00,,104,10,9,,
47741,2020-09-23 00:00,,109,-72.5,,54,235
47741,2020-09-23 00:00,,111,3,1.8,,
47741,2020-09-23 00:00,,117,-47.7,,,
47741,2020-09-23 00:00,,122,-5.5,-6.5,,
47741,2020-09-23 00:00,,125,-47.3,,,
47741,2020-09-23 00:00,,128,3,2.4,,
47741,2020-09-23 00:00,,134,11,10,,
47741,2020-09-23 00:00,,139,-9.5,-10.5,,
47741,2020-09-23 00:00,14180,150,-63.5,,58,240
47741,2020-09-23 00:00,,153,11,9.6,,
47741,2020-09-23 00:00,,155,-23.5,-31.5,,
47741,2020-09-23 00:00,,182,7,5.3,,
47741,2020-09-23 00:00,,184,25,23,,
47741,2020-09-23 00:00,12360,200,-51.7,,56,260
47741,2020-09-23 00:00,,205,-7.5,-8.7,,
47741,2020-09-23 00:00,,211,-51.3,,,
47741,2020-09-23 00:00,,219,,,70,265
47741,2020-09-23 00:00,,232,7,5.3,,
47741,2020-09-23 00:00,,242,-9.5,-10.7,,
47741,2020-09-23 00:00,10089,250,-41.5,,66,255
47741,2020-09-23 00:00,,256,-40.1,-45.1,,
47741,2020-09-23 00:00,,262,-3.5,-4.7,,
47741,2020-09-23 00:00,,270,7,6.2,,
47741,2020-09-23 00:00,,285,-33.5,-42.5,,
47741,2020-09-23 00:00,,295,-9.5,-10.1,,
47741,2020-09-23 00:00,9620,300,-30.3,-40.3,60,250
47741,2020-09-23 00:00,,306,-14.5,-15.3,,
47741,2020-09-23 00:00,,324,15,12.9,,
47741,2020-09-23 00:00,,331,-25.3,-30.3,,
47741,2020-09-23 00:00,,338,-14.5,-16.2,,
47741,2020-09-23 00:00,,339,-57.5,,,
47741,2020-09-23 00:00,,354,11,10.2,,
47741,2020-09-23 00:00,,368,14,13,,
47741,2020-09-23 00:00,,373,-20.5,-21.5,,
47741,2020-09-23 00:00,,376,-21.1,-29.1,,
47741,2020-09-23 00:00,,377,-24.5,-28.6,,
47741,2020-09-23 00:00,,381,13,11.6,,
47741,2020-09-23 00:00,,389,-19.5,-33.5,,
47741,2020-09-23 00:00,7520,400,-17.9,-29.9,35,245
47741,2020-09-23 00:00,,404,7,6.6,,
47741,2020-09-23 00:00,,421,-23.5,-23.9,,
47741,2020-09-23 00:00,,423,-58.7,,,
47741,2020-09-23 00:00,,435,26,23.3,,
47741,2020-09-23 00:00,,438,-12.3,-34.3,,
47741,2020-09-23 00:00,,464,-19.5,-20.7,,
47741,2020-09-23 00:00,,478,21,20.2,,
47741,2020-09-23 00:00,,481,-18.5,-20.2,,
47741,2020-09-23 00:00,,497,28,27.8,,
47741,2020-09-23 00:00,5810,500,-6.1,-36.1,14,185
47741,2020-09-23 00:00,,503,-18.5,-19.9,,
47741,2020-09-23 00:00,,510,-59.1,,,
47741,2020-09-23 00:00,,519,31,30.2,,
47741,2020-09-23 00:00,,524,-21.5,-22.9,,
47741,2020-09-23 00:00,,536,-2.3,-36.3,,
47741,2020-09-23 00:00,,552,-25.5,-27.6,,
47741,2020-09-23 00:00,,559,-3.3,-17.3,,
47741,2020-09-23 00:00,,560,30,28.6,,
47741,2020-09-23 00:00,,565,-3.3,-14.3,,
47741,2020-09-23 00:00,,574,-28.5,-29.5,,
47741,2020-09-23 00:00,,585,-1.7,-22.7,,
47741,2020-09-23 00:00,,598,-22.5,-22.7,,
47741,2020-09-23 00:00,,623,-21.5,-23.4,,
47741,2020-09-23 00:00,,651,6,5.6,,
47741,2020-09-23 00:00,,670,-67.1,,,
47741,2020-09-23 00:00,,678,-10.5,-10.9,,
47741,2020-09-23 00:00,,689,10,9.2,,
47741,2020-09-23 00:00,2125,700,7,-16,8,90
47741,2020-09-23 00:00,,702,23,22.2,,
47741,2020-09-23 00:00,,708,-6.5,-7.5,,
47741,2020-09-23 00:00,,722,-28.5,-29.3,,
47741,2020-09-23 00:00,,727,-65.1,,,
47741,2020-09-23 00:00,,737,5,4,,
47741,2020-09-23 00:00,,744,-29.5,-31.6,,
47741,2020-09-23 00:00,,751,11.6,-17.4,,
47741,2020-09-23 00:00,,757,11.4,-14.6,,
47741,2020-09-23 00:00,,761,-7.5,-7.9,,
47741,2020-09-23 00:00,,768,8.2,.2,,
47741,2020-09-23 00:00,,772,6.4,5.8,,
47741,2020-09-23 00:00,,778,-8.5,-9.7,,
47741,2020-09-23 00:00,,783,27,23.7,,
47741,2020-09-23 00:00,,787,-68.5,,,
47741,2020-09-23 00:00,,833,8,6.1,,
47741,2020-09-23 00:00,1514,850,12.4,9.9,17,75
47741,2020-09-23 00:00,,873,27,24.1,,
47741,2020-09-23 00:00,,874,12.8,12.1,,
47741,2020-09-23 00:00,,887,-68.5,,,
47741,2020-09-23 00:00,,898,-5.5,-7.8,,
47741,2020-09-23 00:00,,916,-28.5,-30.5,,
47741,2020-09-23 00:00,799,925,16,14.7,23,50
47741,2020-09-23 00:00,,928,-71.5,,,
47741,2020-09-23 00:00,,967,-26.5,-36.5,,
47741,2020-09-23 00:00,,971,5,3.1,,
47741,2020-09-23 00:00,,990,21.2,16.3,,
47741,2020-09-23 00:00,127,1000,21.2,17,8,55
47741,2020-09-23 00:00,,1010,7,6.8,,
47741,2020-09-23 00:00,,1012,21.4,19,1,200
47741,2020-09-23 00:00,,1089,15,13.4,,
47741,2020-09-23 00:00,,1094,-14.5,-15.3,,
47778,2020-09-23 00:00,16640,100,-74.7,,51,275
47778,2020-09-23 00:00,,104,27,25,,
47778,2020-09-23 00:00,,107,-77.9,,,
47778,2020-09-23 00:00,,113,-78.5,,,
47778,2020-09-23 00:00,,122,-22.5,-32.5,,
47778,2020-09-23 00:00,,132,-20.5,-22.5,,
47778,2020-09-23 00:00,14270,150,-64.7,,52,200
47778,2020-09-23 00:00,,160,-60.9,,,
47778,2020-09-23 00:00,,185,20,18,,
47778,2020-09-23 00:00,12450,200,-48.9,,56,195
47778,2020-09-23 00:00,,209,-20.5,-26.5,,
47778,2020-09-23 00:00,,230,-23.5,-26.8,,
47778,2020-09-23 00:00,,244,-40.1,-62.1,,
47778,2020-09-23 00:00,10095,250,-38.9,-60.9,35,270
47778,2020-09-23 00:00,,254,-27.5,-31,,
47778,2020-09-23 00:00,9670,300,-29.1,-48.1,41,280
47778,2020-09-23 00:00,,304,-28.1,-48.1,,
47778,2020-09-23 00:00,,318,28,23.7,,
47778,2020-09-23 00:00,,353,-27.5,-30.2,,
47778,2020-09-23 00:00,,372,-19.1,-25.1,,
47778,2020-09-23 00:00,,379,-18.7,-23.7,,
47778,2020-09-23 00:00,7560,400,-15.1,-25.1,29,270
47778,2020-09-23 00:00,,417,-27.5,-30,,
47778,2020-09-23 00:00,,436,-9.7,-24.7,,
47778,2020-09-23 00:00,,438,-9.3,-36.3,,
47778,2020-09-23 00:00,,464,-23.5,-24.3,,
47778,2020-09-23 00:00,,470,-5.5,-31.5,,
47778,2020-09-23 00:00,,476,-6.3,-17.3,,
47778,2020-09-23 00:00,,478,24,22.6,,
47778,2020-09-23 00:00,,486,-6.1,-12.1,,
47778,2020-09-23 00:00,5830,500,-5.1,-9.5,8,235
47778,2020-09-23 00:00,,532,-2.1,-4.1,,
47778,2020-09-23 00:00,,554,-21.5,-22.1,,
47778,2020-09-23 00:00,,565,-16.5,-17.1,,
47778,2020-09-23 00:00,,621,4,3.2,,
47778,2020-09-23 00:00,,653,4,3.2,,
47778,2020-09-23 00:00,2113,700,8.8,8,12,40
47778,2020-09-23 00:00,,719,3,1.6,,
47778,2020-09-23 00:00,,751,-6.5,-7.9,,
47778,2020-09-23 00:00,,755,11.8,10.5,,
47778,2020-09-23 00:00,,785,-8.5,-11.6,,
47778,2020-09-23 00:00,,812,12.2,12.2,,
47778,2020-09-23 00:00,,823,7,3.7,,
47778,2020-09-23 00:00,1485,850,14.6,13,37,60
47778,2020-09-23 00:00,,906,16.8,15.2,,
47778,2020-09-23 00:00,,907,6,1.5,,
47778,2020-09-23 00:00,764,925,17.8,15.1,47,65
47778,2020-09-23 00:00,,948,-28.5,-33.2,,310
47778,2020-09-23 00:00,,980,-5.5,-9,,
47778,2020-09-23 00:00,89,1000,22.6,20,16,50
47778,2020-09-23 00:00,,1002,5,3.3,,
47807,2020-09-23 00:00,26630,20,-51.9,,19,85
47807,2020-09-23 00:00,24020,30,-54.1,,10,90
47807,2020-09-23 00:00,20800,50,-59.9,,0,0
47807,2020-09-23 00:00,18740,70,-68.9,,8,285
47807,2020-09-23 00:00,,100,26,21.3,,
47807,2020-09-23 00:00,,103,-73.9,,,
47807,2020-09-23 00:00,,120,-24.5,-28.2,,
47807,2020-09-23 00:00,,130,-65.3,,,
47807,2020-09-23 00:00,,136,27,22.5,,
47807,2020-09-23 00:00,,139,-65.9,,,
47807,2020-09-23 00:00,14210,150,-64.3,,47,250
47807,2020-09-23 00:00,,151,25,20.3,,
47807,2020-09-23 00:00,,167,8,5.3,,
47807,2020-09-23 00:00,,192,10,7.7,,
47807,2020-09-23 00:00,12400,200,-53.1,,56,265
47807,2020-09-23 00:00,,216,-7.5,-9.6,,
47807,2020-09-23 00:00,,217,-25.5,-37.5,,
47807,2020-09-23 00:00,,222,-52.1,,,
47807,2020-09-23 00:00,10092,250,-40.7,,56,255
47807,2020-09-23 00:00,,253,-40.1,-44.9,,
47807,2020-09-23 00:00,,266,7,5.6,,
47807,2020-09-23 00:00,,281,-10.5,-11.3,,
47807,2020-09-23 00:00,,283,-33.1,-39.1,,
47807,2020-09-23 00:00,,290,-25.5,-27.5,,
47807,2020-09-23 00:00,,295,-9.5,-10.5,,
47807,2020-09-23 00:00,9650,300,-29.3,-38.3,49,255
47807,2020-09-23 00:00,,301,-29.3,-38.3,,
47807,2020-09-23 00:00,,311,12,10.4,,
47807,2020-09-23 00:00,,331,-25.5,-26.9,,
47807,2020-09-23 00:00,,332,-11.5,-13.4,,
47807,2020-09-23 00:00,,349,-9.5,-10.7,,
47807,2020-09-23 00:00,,367,-14.5,-15.5,,
47807,2020-09-23 00:00,,378,14,12.6,,
47807,2020-09-23 00:00,,383,-17.3,-20.2,,
47807,2020-09-23 00:00,,391,-16.5,-18.9,,
47807,2020-09-23 00:00,,399,-5.5,-5.9,,
47807,2020-09-23 00:00,7540,400,-16.1,-16.5,39,255
47807,2020-09-23 00:00,,427,17,16.8,,
47807,2020-09-23 00:00,,429,-25.5,-29.4,,
47807,2020-09-23 00:00,,437,17,16.4,,
47807,2020-09-23 00:00,,470,-7.1,-10.7,,
47807,2020-09-23 00:00,,471,-6.9,-15.9,,
47807,2020-09-23 00:00,,474,-9.5,-10.1,,
47807,2020-09-23 00:00,,475,-6.3,-14.3,,
47807,2020-09-23 00:00,,478,-5.9,-21.9,,
47807,2020-09-23 00:00,,484,-5.3,-17.3,,
47807,2020-09-23 00:00,,489,-28.5,-28.7,,
47807,2020-09-23 00:00,,490,-4.9,-33.9,,
47807,2020-09-23 00:00,5810,500,-3.9,-41.9,25,235
47807,2020-09-23 00:00,,506,-3.3,-42.3,,
47807,2020-09-23 00:00,,516,-4.9,-15.9,,
47807,2020-09-23 00:00,,518,-24.5,-24.7,,
47807,2020-09-23 00:00,,533,-3.7,-10.7,,
47807,2020-09-23 00:00,,541,24,22.4,,
47807,2020-09-23 00:00,,542,-62.9,,,
47807,2020-09-23 00:00,,550,22,20.4,,
47807,2020-09-23 00:00,,563,-2.7,-3.6,,
47807,2020-09-23 00:00,,570,-3.3,-3.3,,
47807,2020-09-23 00:00,,573,-3.3,-9.3,,
47807,2020-09-23 00:00,,574,-23.5,-24.9,,
47807,2020-09-23 00:00,,581,-2.3,-11.3,,
47807,2020-09-23 00:00,,583,-1.9,-33.9,,
47807,2020-09-23 00:00,,588,19,18.2,,
47807,2020-09-23 00:00,,608,17,16.2,,
47807,2020-09-23 00:00,,612,-20.5,-21.7,,
47807,2020-09-23 00:00,,643,-21.5,-22.1,,
47807,2020-09-23 00:00,,657,-33.5,-33.9,,
47807,2020-09-23 00:00,,672,-33.5,-34.7,,
47807,2020-09-23 00:00,,685,-11.5,-11.9,,
47807,2020-09-23 00:00,,689,7.2,-27.8,,
47807,2020-09-23 00:00,2122,700,-28.5,-29.3,,
47807,2020-09-23 00:00,,702,6.8,-7.2,,
47807,2020-09-23 00:00,,705,6,1.5,,
47807,2020-09-23 00:00,,710,15,14.4,,
47807,2020-09-23 00:00,,715,30,29.4,,
47807,2020-09-23 00:00,,740,-9.5,-9.7,,
47807,2020-09-23 00:00,,751,28,25.9,,
47807,2020-09-23 00:00,,769,-27.5,-27.7,,
47807,2020-09-23 00:00,,789,13,6,,
47807,2020-09-23 00:00,,794,27,26.4,,
47807,2020-09-23 00:00,,795,-24.5,-26.6,,
47807,2020-09-23 00:00,,802,14.4,-7.6,,
47807,2020-09-23 00:00,,808,1,.8,,
47807,2020-09-23 00:00,,812,13.8,-18.2,,
47807,2020-09-23 00:00,,830,-7.5,-8.1,,
47807,2020-09-23 00:00,,842,12,6,,
47807,2020-09-23 00:00,1502,850,12.4,7.5,16,55
47807,2020-09-23 00:00,,863,5,3.1,,
47807,2020-09-23 00:00,,886,14.2,11.1,,
47807,2020-09-23 00:00,,895,-28.5,-32.2,,
47807,2020-09-23 00:00,786,925,16,13.9,19,80
47807,2020-09-23 00:00,,943,17,14.2,,
47807,2020-09-23 00:00,,990,6,5.4,,
47807,2020-09-23 00:00,116,1000,21.4,16.4,2,115
47807,2020-09-23 00:00,,1010,-17.5,-17.7,,
47807,2020-09-23 00:00,,1011,16,15.9,,
47827,2020-09-23 00:00,26620,20,,,,
47827,2020-09-23 00:00,24020,30,-56.1,,21,90
47827,2020-09-23 00:00,20810,50,-6.5,-8.6,,
47827,2020-09-23 00:00,18770,70,-71.5,,19,325
47827,2020-09-23 00:00,16670,100,-73.1,,27,285
47827,2020-09-23 00:00,,105,-72.5,,,
47827,2020-09-23 00:00,,106,27,24.3,,
47827,2020-09-23 00:00,,112,-26.5,-30,,
47827,2020-09-23 00:00,,114,-12.5,-14.1,,
47827,2020-09-23 00:00,,118,15,13.1,,
47827,2020-09-23 00:00,,119,-71.5,,25,250
47827,2020-09-23 00:00,,130,-24.5,-28.2,,
47827,2020-09-23 00:00,,139,-65.7,,,
47827,2020-09-23 00:00,,145,-67.1,,,
47827,2020-09-23 00:00,,146,26,22.5,,
47827,2020-09-23 00:00,14260,150,-65.9,,35,260
47827,2020-09-23 00:00,,154,-25.5,-28.8,,
47827,2020-09-23 00:00,,162,-49.5,,,
47827,2020-09-23 00:00,,163,8,4.1,,
47827,2020-09-23 00:00,,175,7,3.9,,
47827,2020-09-23 00:00,,182,26,23.9,,
47827,2020-09-23 00:00,,194,27,24.5,,
47827,2020-09-23 00:00,12450,200,-51.9,,29,275
47827,2020-09-23 00:00,,209,-6.5,-7.7,,
47827,2020-09-23 00:00,,217,-53.3,,,
47827,2020-09-23 00:00,,224,-8.5,-11,,
47827,2020-09-23 00:00,,228,-26.5,-30.4,,
47827,2020-09-23 00:00,10097,250,-40.5,,35,255
47827,2020-09-23 00:00,,251,-40.1,-46.1,,
47827,2020-09-23 00:00,,263,9,7.1,,
47827,2020-09-23 00:00,,275,11,9.3,,
47827,2020-09-23 00:00,,277,25,21.1,,
47827,2020-09-23 00:00,,289,8,5.9,,
47827,2020-09-23 00:00,,292,-25.5,-28.4,,
47827,2020-09-23 00:00,9700,300,-29.1,-37.1,29,260
47827,2020-09-23 00:00,,302,-9.5,-11.6,,
47827,2020-09-23 00:00,,322,-24.9,-32.9,,
47827,2020-09-23 00:00,,328,-23.7,-34.7,,
47827,2020-09-23 00:00,,342,-8.5,-9.9,,
47827,2020-09-23 00:00,,366,-12.5,-13.7,,
47827,2020-09-23 00:00,,367,-25.5,-28,,
47827,2020-09-23 00:00,,390,-12.5,-14.1,,
47827,2020-09-23 00:00,,395,-14.1,-22.1,,
47827,2020-09-23 00:00,7570,400,-13.5,-21.5,27,250
47827,2020-09-23 00:00,,405,11,10,,
47827,2020-09-23 00:00,,416,12,11.2,,
47827,2020-09-23 00:00,,434,-8.5,-9.7,,
47827,2020-09-23 00:00,,450,-10.5,-11.7,,
47827,2020-09-23 00:00,,454,-59.3,,,
47827,2020-09-23 00:00,,463,-6.1,-14.1,,
47827,2020-09-23 00:00,,467,11,9.8,,
47827,2020-09-23 00:00,,489,-4.1,-10.1,,
47827,2020-09-23 00:00,,491,-13.5,-14.7,,
47827,2020-09-23 00:00,5840,500,-3.1,-9.1,31,270
47827,2020-09-23 00:00,,511,8,7.4,,
47827,2020-09-23 00:00,,513,-1.5,-13.5,,
47827,2020-09-23 00:00,,521,14,13.4,,
47827,2020-09-23 00:00,,542,-13.5,-14.1,,
47827,2020-09-23 00:00,,547,.6,-5.4,,
47827,2020-09-23 00:00,,554,24,23.6,,
47827,2020-09-23 00:00,,559,-65.3,,,
47827,2020-09-23 00:00,,565,-1.3,-1.3,,
47827,2020-09-23 00:00,,568,-20.5,-21.5,,
47827,2020-09-23 00:00,,577,27,24.1,,
47827,2020-09-23 00:00,,611,-18.5,-19.7,,
47827,2020-09-23 00:00,,633,-22.5,-23.5,,
47827,2020-09-23 00:00,,638,3.8,-11.2,,
47827,2020-09-23 00:00,,657,-16.5,-17.3,,
47827,2020-09-23 00:00,,661,-20.5,-21.5,,
47827,2020-09-23 00:00,,666,5.4,-2.6,,
47827,2020-09-23 00:00,,671,4.8,3.7,,
47827,2020-09-23 00:00,,675,-67.9,,,
47827,2020-09-23 00:00,,681,3,2,,
47827,2020-09-23 00:00,,691,-17.5,-18.5,,
47827,2020-09-23 00:00,2128,700,6.8,6.8,8,175
47827,2020-09-23 00:00,,706,-31.5,-33.6,,
47827,2020-09-23 00:00,,715,-19.5,-20.1,,
47827,2020-09-23 00:00,,726,-72.9,,,
47827,2020-09-23 00:00,,744,28,26.3,,
47827,2020-09-23 00:00,,747,19,18.6,,
47827,2020-09-23 00:00,,781,-5.5,-5.7,,
47827,2020-09-23 00:00,,801,14,8,,
47827,2020-09-23 00:00,,815,14,5,,
47827,2020-09-23 00:00,,817,18,17.4,,
47827,2020-09-23 00:00,,831,-20.5,-20.9,,
47827,2020-09-23 00:00,,839,-3.5,-4.5,,
47827,2020-09-23 00:00,,846,28,27.4,,
47827,2020-09-23 00:00,,848,15.2,12.3,,
47827,2020-09-23 00:00,1497,850,15.2,12.9,8,50
47827,2020-09-23 00:00,,876,9,8.2,,
47827,2020-09-23 00:00,,892,-30.5,-32.4,,
47827,2020-09-23 00:00,,906,6,5.4,,
47827,2020-09-23 00:00,,915,18.2,15.1,,
47827,2020-09-23 00:00,774,925,18.8,15.3,4,60
47827,2020-09-23 00:00,,942,8,7.2,,
47827,2020-09-23 00:00,,944,-27.5,-29.4,,
47827,2020-09-23 00:00,,981,-6.5,-7.1,,
47827,2020-09-23 00:00,,999,-28.5,-31.2,,
47827,2020-09-23 00:00,98,1000,23.2,17.2,2,60
47827,2020-09-23 00:00,,1006,0,0,,
47827,2020-09-23 00:00,,1007,24.4,18.4,1,180
47909,2020-09-23 00:00,,-998,,,17,295
47909,2020-09-23 00:00,26580,20,-49.7,,27,75
47909,2020-09-23 00:00,23980,30,-57.3,,25,85
47909,2020-09-23 00:00,20770,50,-61.7,,21,110
47909,2020-09-23 00:00,18740,70,-70.1,,6,25
47909,2020-09-23 00:00,16670,100,-77.3,,19,310
47909,2020-09-23 00:00,,102,,,,
47909,2020-09-23 00:00,,108,27,26.2,,
47909,2020-09-23 00:00,,113,-17.5,-19.1,,
47909,2020-09-23 00:00,,114,-29.5,-30.1,,
47909,2020-09-23 00:00,,115,-74.1,,,
47909,2020-09-23 00:00,,120,-16.5,-18.4,,
47909,2020-09-23 00:00,,123,16,14.3,,
47909,2020-09-23 00:00,,127,25,24,,
47909,2020-09-23 00:00,,129,-12.5,-14.6,,
47909,2020-09-23 00:00,,141,-9.5,-12.4,,
47909,2020-09-23 00:00,,147,-8.5,-11.2,,
47909,2020-09-23 00:00,14280,150,-64.5,,17,250
47909,2020-09-23 00:00,,157,9,5.9,,
47909,2020-09-23 00:00,,161,8,4.7,,
47909,2020-09-23 00:00,,166,-7.5,-10.6,,
47909,2020-09-23 00:00,,169,-27.5,-28.9,,
47909,2020-09-23 00:00,,177,-8.5,-11.2,,
47909,2020-09-23 00:00,,178,-8.5,-11.2,,
47909,2020-09-23 00:00,,186,31,29.1,,
47909,2020-09-23 00:00,,189,7,4.1,,
47909,2020-09-23 00:00,,190,7,4.1,,
47909,2020-09-23 00:00,,196,-30.5,-31.9,,
47909,2020-09-23 00:00,12470,200,-51.3,,14,290
47909,2020-09-23 00:00,,206,-49.7,,,
47909,2020-09-23 00:00,,214,-50.3,,,
47909,2020-09-23 00:00,,217,-25.5,-26.1,,
47909,2020-09-23 00:00,,229,-1.5,-1.7,,
47909,2020-09-23 00:00,,243,-55.1,,,
47909,2020-09-23 00:00,10099,250,-40.1,,2,265
47909,2020-09-23 00:00,,257,-25.5,-25.9,,
47909,2020-09-23 00:00,,272,-19.5,-20.1,,
47909,2020-09-23 00:00,,274,-10.5,-12.8,,
47909,2020-09-23 00:00,,288,-21.5,-22.3,,
47909,2020-09-23 00:00,,291,-8.5,-11,,
47909,2020-09-23 00:00,9720,300,-29.1,-42.1,12,225
47909,2020-09-23 00:00,,304,-28.5,-41.5,,
47909,2020-09-23 00:00,,331,-23.5,-34.5,,
47909,2020-09-23 00:00,,370,11,9.3,,
47909,2020-09-23 00:00,,371,-28.5,-29.3,,
47909,2020-09-23 00:00,,379,-16.1,-27.1,,
47909,2020-09-23 00:00,,385,-23.5,-23.9,,
47909,2020-09-23 00:00,,392,10,8.1,,
47909,2020-09-23 00:00,7600,400,-13.5,-22.5,10,250
47909,2020-09-23 00:00,,415,-11.5,-12.7,,
47909,2020-09-23 00:00,,437,-28.5,-30.1,,
47909,2020-09-23 00:00,,441,-9.5,-17.5,,
47909,2020-09-23 00:00,,458,-60.9,,,
47909,2020-09-23 00:00,,462,13,11.4,,
47909,2020-09-23 00:00,,485,-3.3,-16.3,,
47909,2020-09-23 00:00,5860,500,-1.7,-11.7,16,305
47909,2020-09-23 00:00,,501,-30.5,-32.1,,
47909,2020-09-23 00:00,,506,-1.1,-11.1,,
47909,2020-09-23 00:00,,522,27,25.1,,
47909,2020-09-23 00:00,,540,.4,-5.6,,
47909,2020-09-23 00:00,,549,-9.5,-10.9,,
47909,2020-09-23 00:00,,550,-.1,-3.8,,
47909,2020-09-23 00:00,,563,-66.9,,,
47909,2020-09-23 00:00,,568,26,24.1,,
47909,2020-09-23 00:00,,572,2.2,-4.8,,
47909,2020-09-23 00:00,,578,14,13,,
47909,2020-09-23 00:00,,604,4.8,-1.2,,
47909,2020-09-23 00:00,,611,-12.5,-14.4,,
47909,2020-09-23 00:00,,617,-26.5,-27.7,,
47909,2020-09-23 00:00,,642,-29.5,-30.9,,
47909,2020-09-23 00:00,,645,11,9.8,,
47909,2020-09-23 00:00,,648,7.2,2.5,,
47909,2020-09-23 00:00,,668,-29.5,-30.9,,
47909,2020-09-23 00:00,,678,5,4.2,,
47909,2020-09-23 00:00,,695,27,25.8,,
47909,2020-09-23 00:00,2127,700,10,4,12,275
47909,2020-09-23 00:00,,702,3,2.4,,
47909,2020-09-23 00:00,,729,11.8,2.8,,
47909,2020-09-23 00:00,,733,12.2,-20.8,,
47909,2020-09-23 00:00,,738,12.6,-16.4,,
47909,2020-09-23 00:00,,740,-8.5,-9.1,,
47909,2020-09-23 00:00,,741,-8.5,-9.1,,
47909,2020-09-23 00:00,,744,30,29,,
47909,2020-09-23 00:00,,745,-69.7,,,
47909,2020-09-23 00:00,,747,-70.1,,,
47909,2020-09-23 00:00,,751,11.2,9,,
47909,2020-09-23 00:00,,764,-76.3,,,
47909,2020-09-23 00:00,,765,27,26.4,,
47909,2020-09-23 00:00,,781,-11.5,-12.7,,
47909,2020-09-23 00:00,,782,-11.5,-12.7,,
47909,2020-09-23 00:00,,802,15,11.5,,
47909,2020-09-23 00:00,,808,9,8.8,,
47909,2020-09-23 00:00,,825,-7.5,-8.5,,
47909,2020-09-23 00:00,,834,15.2,11.9,,
47909,2020-09-23 00:00,,839,9,8.6,,
47909,2020-09-23 00:00,1496,850,16,13,8,80
47909,2020-09-23 00:00,,877,5,3.6,,
47909,2020-09-23 00:00,,898,-73.5,,,
47909,2020-09-23 00:00,,920,36,33.7,,
47909,2020-09-23 00:00,770,925,21,16.9,14,55
47909,2020-09-23 00:00,,939,5,3.4,,
47909,2020-09-23 00:00,,969,7,5.6,,
47909,2020-09-23 00:00,,972,23.8,21.1,,
47909,2020-09-23 00:00,,975,11,9.8,,
47909,2020-09-23 00:00,,977,7,6.2,,
47909,2020-09-23 00:00,80,1000,,,,
47909,2020-09-23 00:00,,1977,25.2,23.4,8,70
47918,2020-09-23 00:00,,215,-4.5,-5.3,,
47918,2020-09-23 00:00,,223,7,6.6,,
47918,2020-09-23 00:00,,236,6,5.6,,
47918,2020-09-23 00:00,,247,-40.1,-47.1,,
47918,2020-09-23 00:00,,250,-39.9,-45.9,4,325
47918,2020-09-23 00:00,,258,-37.9,-55.9,,
47918,2020-09-23 00:00,,260,-29.5,-30.1,,
47918,2020-09-23 00:00,9740,300,-29.1,-52.1,8,270
47918,2020-09-23 00:00,,301,-28.9,-52.9,,
47918,2020-09-23 00:00,,306,-26.5,-27.3,,
47918,2020-09-23 00:00,,330,-34.5,-35.1,,
47918,2020-09-23 00:00,,348,35,34.4,,
47918,2020-09-23 00:00,,367,-31.5,-31.9,,
47918,2020-09-23 00:00,,386,2,1.6,,
47918,2020-09-23 00:00,7620,400,-14.1,-31.1,2,330
47918,2020-09-23 00:00,,407,-32.5,-33.1,,
47918,2020-09-23 00:00,,425,-30.5,-31.9,,
47918,2020-09-23 00:00,,446,33,32.4,,
47918,2020-09-23 00:00,,448,-8.1,-26.1,,
47918,2020-09-23 00:00,,466,-28.5,-28.9,,
47918,2020-09-23 00:00,,475,-7.3,-15.3,,
47918,2020-09-23 00:00,,495,32,30.8,,
47918,2020-09-23 00:00,5890,500,-4.5,-13.5,12,310
47918,2020-09-23 00:00,,519,31,30,,
47918,2020-09-23 00:00,,548,-33.5,-34.7,,
47918,2020-09-23 00:00,,561,2.2,-5.8,,
47918,2020-09-23 00:00,,578,-32.5,-32.9,,
47918,2020-09-23 00:00,,585,35,34.4,,
47918,2020-09-23 00:00,,597,5,-3,,
47918,2020-09-23 00:00,,644,-33.5,-34.7,,
47918,2020-09-23 00:00,,672,-1.5,-2.3,,
47918,2020-09-23 00:00,2157,700,11.6,5.6,10,345
47918,2020-09-23 00:00,,703,34,33,,
47918,2020-09-23 00:00,,800,36,34.6,,
47918,2020-09-23 00:00,,808,17.4,11.4,,
47918,2020-09-23 00:00,,829,18.6,12.6,,
47918,2020-09-23 00:00,,833,36,35.4,,
47918,2020-09-23 00:00,,839,19.2,7.2,,
47918,2020-09-23 00:00,,846,5,4.6,,
47918,2020-09-23 00:00,1504,850,20,5,2,75
47918,2020-09-23 00:00,,880,0,0,,
47918,2020-09-23 00:00,,892,20.2,13.2,,
47918,2020-09-23 00:00,,916,-3.5,-3.9,,
47918,2020-09-23 00:00,773,925,20.8,16.9,4,25
47918,2020-09-23 00:00,,946,21.6,18.1,,
47918,2020-09-23 00:00,,960,34,33.6,,
47918,2020-09-23 00:00,91,1000,26.2,19.2,2,5
47918,2020-09-23 00:00,,1008,15,14.4,,
47918,2020-09-23 00:00,,1010,27.8,21.8,2,50
47945,2020-09-23 00:00,31120,10,-42.3,,21,110
47945,2020-09-23 00:00,26530,20,-49.5,,29,75
47945,2020-09-23 00:00,23930,30,-57.9,,27,85
47945,2020-09-23 00:00,20750,50,-64.3,,25,90
47945,2020-09-23 00:00,18740,70,-71.7,,12,100
47945,2020-09-23 00:00,,100,-76.1,,19,50
47945,2020-09-23 00:00,,102,-4.5,-6.4,,
47945,2020-09-23 00:00,,104,-8.5,-10.4,,
47945,2020-09-23 00:00,,108,-6.5,-8.4,,
47945,2020-09-23 00:00,,109,9,7.4,,
47945,2020-09-23 00:00,,114,-46.3,,,
47945,2020-09-23 00:00,,115,-11.5,-14.4,,
47945,2020-09-23 00:00,,126,1,-.2,,
47945,2020-09-23 00:00,,132,-9.5,-13.6,,
47945,2020-09-23 00:00,,134,-9.5,-13.4,,
47945,2020-09-23 00:00,,141,-8.5,-11.4,,
47945,2020-09-23 00:00,,143,-8.5,-11.4,,
47945,2020-09-23 00:00,,145,25,24.2,,
47945,2020-09-23 00:00,14300,150,-66.3,,6,190
47945,2020-09-23 00:00,,152,8,4.1,,
47945,2020-09-23 00:00,,158,-12.5,-13.1,,
47945,2020-09-23 00:00,,165,-28.5,-28.7,,
47945,2020-09-23 00:00,,167,7,4.1,,
47945,2020-09-23 00:00,,173,7,4.5,,
47945,2020-09-23 00:00,,175,-35.5,-35.9,,
47945,2020-09-23 00:00,,181,9,5.5,,
47945,2020-09-23 00:00,,187,0,0,,
47945,2020-09-23 00:00,,189,-8.5,-12.4,,
47945,2020-09-23 00:00,,200,-13.5,-13.9,,
47945,2020-09-23 00:00,,213,0,0,,
47945,2020-09-23 00:00,,217,7,4.1,,
47945,2020-09-23 00:00,,227,33,32.8,,
47945,2020-09-23 00:00,,228,8,5.5,,
47945,2020-09-23 00:00,,236,-51.7,,,
47945,2020-09-23 00:00,,239,-33.5,-34.1,,
47945,2020-09-23 00:00,,248,-40.1,-48.1,,
47945,2020-09-23 00:00,10101,250,-39.5,-47.5,8,35
47945,2020-09-23 00:00,,253,-4.5,-5.3,,
47945,2020-09-23 00:00,,254,-55.3,,,
47945,2020-09-23 00:00,,258,10,6.5,,
47945,2020-09-23 00:00,,260,10,6.5,,
47945,2020-09-23 00:00,,269,-6.5,-7.9,,
47945,2020-09-23 00:00,,285,4,3,,
47945,2020-09-23 00:00,,291,8,5.1,,
47945,2020-09-23 00:00,,294,8,5.1,,
47945,2020-09-23 00:00,,297,-6.5,-7.5,,
47945,2020-09-23 00:00,9730,300,-29.1,-37.1,10,65
47945,2020-09-23 00:00,,309,-27.3,-35.3,,
47945,2020-09-23 00:00,,325,8,7.6,,
47945,2020-09-23 00:00,,344,0,0,,
47945,2020-09-23 00:00,,346,-21.5,-29.5,,
47945,2020-09-23 00:00,,363,1,.4,,
47945,2020-09-23 00:00,,375,-17.7,-36.7,,
47945,2020-09-23 00:00,,380,35,34.4,,
47945,2020-09-23 00:00,,381,-17.1,-27.1,,
47945,2020-09-23 00:00,,400,-35.5,-36.1,,
47945,2020-09-23 00:00,,409,-13.1,-31.1,,
47945,2020-09-23 00:00,,430,-31.5,-32.3,,
47945,2020-09-23 00:00,,444,11,9.4,,
47945,2020-09-23 00:00,,445,-63.1,,,
47945,2020-09-23 00:00,,481,-5.5,-16.5,,
47945,2020-09-23 00:00,,497,-9.5,-12.2,,
47945,2020-09-23 00:00,,498,-9.5,-12.2,,
47945,2020-09-23 00:00,5880,500,-2.9,-13.9,12,340
47945,2020-09-23 00:00,,516,-34.5,-35.7,,
47945,2020-09-23 00:00,,548,2.2,-10.8,,
47945,2020-09-23 00:00,,556,9,7.6,,
47945,2020-09-23 00:00,,587,-11.5,-12.7,,
47945,2020-09-23 00:00,,588,-34.5,-35.1,,
47945,2020-09-23 00:00,,616,11,8.9,,
47945,2020-09-23 00:00,,618,31,30.2,,
47945,2020-09-23 00:00,,636,7.4,-1.6,,
47945,2020-09-23 00:00,,643,36,35.4,,
47945,2020-09-23 00:00,,650,8,6.8,,
47945,2020-09-23 00:00,,669,0,0,,
47945,2020-09-23 00:00,,687,10,8.8,,
47945,2020-09-23 00:00,,696,8,7.4,,
47945,2020-09-23 00:00,2141,700,10.8,3.8,6,75
47945,2020-09-23 00:00,,726,9,7.6,,
47945,2020-09-23 00:00,,732,13.2,6.2,,
47945,2020-09-23 00:00,,738,6,5.6,,
47945,2020-09-23 00:00,,747,-73.3,,,
47945,2020-09-23 00:00,,767,-12.5,-12.7,,
47945,2020-09-23 00:00,,780,15.8,11.5,,
47945,2020-09-23 00:00,,797,-5.5,-5.9,,
47945,2020-09-23 00:00,1492,850,18.8,15.5,4,10
47945,2020-09-23 00:00,,859,-4.5,-6.1,,
47945,2020-09-23 00:00,,871,-35.5,-35.9,,
47945,2020-09-23 00:00,,906,-7.5,-8.7,,
47945,2020-09-23 00:00,756,925,22.2,19,8,35
47945,2020-09-23 00:00,,930,22.6,19.2,,
47945,2020-09-23 00:00,,934,22.8,19.3,,
47945,2020-09-23 00:00,,939,21.8,18.7,,
47945,2020-09-23 00:00,,953,-77.1,,,
47945,2020-09-23 00:00,,989,6,5.4,,
47945,2020-09-23 00:00,,998,-3.5,-3.9,,
47945,2020-09-23 00:00,71,1000,27.8,23,8,10
47945,2020-09-23 00:00,,1002,34,33.2,,
47945,2020-09-23 00:00,,1005,36,35.2,,
47945,2020-09-23 00:00,,1006,3,2.3,,
47945,2020-09-23 00:00,,1066,-7.5,-8.9,,
47945,2020-09-23 00:00,,1067,8,6.3,,
47945,2020-09-23 00:00,,1071,5,4.4,,
47945,2020-09-23 00:00,,1074,-6.5,-7.3,,
47945,2020-09-23 00:00,,1085,-2.5,-3.1,,
47945,2020-09-23 00:00,,1091,8,7.2,,
47945,2020-09-23 00:00,,1097,11,9.3,,
47971,2020-09-23 00:00,20790,50,-63.9,,17,75
47971,2020-09-23 00:00,18760,70,-71.3,,10,95
47971,2020-09-23 00:00,16680,100,-5.5,-6.9,,
47971,2020-09-23 00:00,,106,,,,
47971,2020-09-23 00:00,,120,11,9.8,,
47971,2020-09-23 00:00,,126,16,15.4,,
47971,2020-09-23 00:00,,132,-25.5,-26.1,,
47971,2020-09-23 00:00,,136,30,28.8,,
47971,2020-09-23 00:00,,147,-35.5,-36.9,,
47971,2020-09-23 00:00,14320,150,-67.1,,16,5
47971,2020-09-23 00:00,,159,2,.3,,
47971,2020-09-23 00:00,,195,-1.5,-2.5,,
47971,2020-09-23 00:00,12520,200,-51.9,,8,5
47971,2020-09-23 00:00,,204,-35.5,-35.9,,
47971,2020-09-23 00:00,,215,16,15.6,,
47971,2020-09-23 00:00,,216,-17.5,-18.1,,
47971,2020-09-23 00:00,,244,-40.1,-57.1,,
47971,2020-09-23 00:00,10103,250,-38.3,-57.3,23,160
47971,2020-09-23 00:00,,254,-16.5,-18.8,,
47971,2020-09-23 00:00,,285,-16.5,-18.1,,
47971,2020-09-23 00:00,9750,300,-28.1,-54.1,10,130
47971,2020-09-23 00:00,,301,-12.5,-13.3,,
47971,2020-09-23 00:00,,336,-22.5,-47.5,,
47971,2020-09-23 00:00,,340,11,10.2,,
47971,2020-09-23 00:00,,353,18,17.4,,
47971,2020-09-23 00:00,,356,-20.9,-38.9,,
47971,2020-09-23 00:00,,371,22,20.4,,
47971,2020-09-23 00:00,,390,21,19.3,,
47971,2020-09-23 00:00,,396,-14.7,-32.7,,
47971,2020-09-23 00:00,7630,400,-14.3,-30.3,17,215
47971,2020-09-23 00:00,,409,-22.5,-24.4,,
47971,2020-09-23 00:00,,432,9,7.1,,
47971,2020-09-23 00:00,,453,-8.3,-26.3,,
47971,2020-09-23 00:00,,465,-9.5,-11.6,,
47971,2020-09-23 00:00,,467,19,17.8,,
47971,2020-09-23 00:00,,496,-7.5,-9.2,,
47971,2020-09-23 00:00,,498,-3.9,-26.9,,
47971,2020-09-23 00:00,5900,500,-3.9,-25.9,14,195
47971,2020-09-23 00:00,,519,-10.5,-12.8,,
47971,2020-09-23 00:00,,534,-18.5,-19.9,,
47971,2020-09-23 00:00,,547,-8.5,-11,,
47971,2020-09-23 00:00,,586,-66.5,,,
47971,2020-09-23 00:00,,610,2,1,,
47971,2020-09-23 00:00,2158,700,12,-2,16,190
47971,2020-09-23 00:00,,725,-72.7,,,
47971,2020-09-23 00:00,,763,15,13.6,,
47971,2020-09-23 00:00,,801,-19.5,-21.4,,
47971,2020-09-23 00:00,,813,-11.5,-13.2,,
47971,2020-09-23 00:00,1511,850,19.6,12.6,17,195
47971,2020-09-23 00:00,,874,-10.5,-11.9,,
47971,2020-09-23 00:00,,890,-74.3,,,
47971,2020-09-23 00:00,777,925,23.6,16.6,17,190
47971,2020-09-23 00:00,,940,23.8,19.3,,
47971,2020-09-23 00:00,,945,5,3.6,,
47971,2020-09-23 00:00,89,1000,28.6,22.6,12,180
47971,2020-09-23 00:00,,1007,18,17.2,,
47971,2020-09-23 00:00,,1008,-16.5,-17.1,,
47971,2020-09-23 00:00,,1009,-18.5,-18.9,,
47971,2020-09-23 00:00,,1010,17,16.1,,
47991,2020-09-23 00:00,31130,10,-43.7,,27,135
47991,2020-09-23 00:00,26510,20,-50.7,,29,90
47991,2020-09-23 00:00,23920,30,-57.7,,27,55
47991,2020-09-23 00:00,20750,50,-66.5,,31,85
47991,2020-09-23 00:00,18730,70,-70.5,,17,80
47991,2020-09-23 00:00,16650,100,-73.5,,19,35
47991,2020-09-23 00:00,,103,-3.5,-5.2,,
47991,2020-09-23 00:00,,108,-13.5,-17,,
47991,2020-09-23 00:00,,111,-6.5,-8.8,,
47991,2020-09-23 00:00,,113,-73.5,,,
47991,2020-09-23 00:00,,119,-42.1,,,
47991,2020-09-23 00:00,,131,2,-.7,,
47991,2020-09-23 00:00,,142,36,34.6,,
47991,2020-09-23 00:00,,144,-47.3,,,
47991,2020-09-23 00:00,,146,-10.5,-15.2,,
47991,2020-09-23 00:00,14260,150,-68.5,,4,280
47991,2020-09-23 00:00,,158,21,20.4,,
47991,2020-09-23 00:00,,162,20,19.6,,
47991,2020-09-23 00:00,,170,8,4.3,,
47991,2020-09-23 00:00,,173,-5.5,-5.9,,
47991,2020-09-23 00:00,,176,-46.5,,,
47991,2020-09-23 00:00,,186,-8.5,-9.1,,
47991,2020-09-23 00:00,,189,-49.7,,,
47991,2020-09-23 00:00,,196,2,1,,
47991,2020-09-23 00:00,12470,200,-53.1,,12,5
47991,2020-09-23 00:00,,229,-35.5,-37.4,,
47991,2020-09-23 00:00,,244,-1.5,-2.9,,
47991,2020-09-23 00:00,,245,-9.5,-12.2,,
47991,2020-09-23 00:00,10100,250,-40.5,,12,5
47991,2020-09-23 00:00,,252,-53.5,,,
47991,2020-09-23 00:00,,265,-37.3,-42.3,,
47991,2020-09-23 00:00,,283,-34.3,-52.3,,
47991,2020-09-23 00:00,,284,5,1.7,,
47991,2020-09-23 00:00,,287,31,29.1,,
47991,2020-09-23 00:00,9730,300,-30.7,-50.7,17,310
47991,2020-09-23 00:00,,304,-31.5,-33.1,,
47991,2020-09-23 00:00,,305,6,3.5,,
47991,2020-09-23 00:00,,320,29,27.6,,
47991,2020-09-23 00:00,,333,31,29.8,,
47991,2020-09-23 00:00,,360,-30.5,-31.5,,
47991,2020-09-23 00:00,,370,10,7.1,,
47991,2020-09-23 00:00,,381,27,26,,
47991,2020-09-23 00:00,,388,29,28.2,,
47991,2020-09-23 00:00,,397,-13.5,-37.5,,
47991,2020-09-23 00:00,,399,29,28.6,,
47991,2020-09-23 00:00,7610,400,-12.9,-37.9,4,285
47991,2020-09-23 00:00,,405,-12.7,-37.7,,
47991,2020-09-23 00:00,,406,31,30.4,,
47991,2020-09-23 00:00,,413,26,25.8,,
47991,2020-09-23 00:00,,418,-11.7,-36.7,,
47991,2020-09-23 00:00,,426,-11.9,-25.9,,
47991,2020-09-23 00:00,,434,32,31.4,,
47991,2020-09-23 00:00,,443,-28.5,-29.1,,
47991,2020-09-23 00:00,,457,-66.1,,,
47991,2020-09-23 00:00,,468,-31.5,-32.1,,
47991,2020-09-23 00:00,,483,-6.1,-23.1,,
47991,2020-09-23 00:00,,492,-8.5,-11.6,,
47991,2020-09-23 00:00,5890,500,-4.5,-20.5,10,310
47991,2020-09-23 00:00,,525,30,29,,
47991,2020-09-23 00:00,,530,-10.5,-13.2,,
47991,2020-09-23 00:00,,534,-65.9,,,
47991,2020-09-23 00:00,,539,33,32,,
47991,2020-09-23 00:00,,549,-68.3,,,
47991,2020-09-23 00:00,,567,1.6,-12.4,,
47991,2020-09-23 00:00,,584,35,34.2,,
47991,2020-09-23 00:00,,612,-33.5,-33.9,,
47991,2020-09-23 00:00,,641,-4.5,-4.9,,
47991,2020-09-23 00:00,,654,-6.5,-8.2,,
47991,2020-09-23 00:00,,655,8.2,-8.8,,
47991,2020-09-23 00:00,,657,-68.7,,,
47991,2020-09-23 00:00,2168,700,11.2,-3.8,4,85
47991,2020-09-23 00:00,,733,-9.5,-9.7,,
47991,2020-09-23 00:00,,735,13.2,2.2,,
47991,2020-09-23 00:00,,751,-9.5,-11.4,,
47991,2020-09-23 00:00,,765,0,0,,
47991,2020-09-23 00:00,,766,-74.5,,,
47991,2020-09-23 00:00,,798,-.5,-.7,,
47991,2020-09-23 00:00,,805,-9.5,-11.6,,
47991,2020-09-23 00:00,,832,17.4,10.4,,
47991,2020-09-23 00:00,,834,-35.5,-35.7,,
47991,2020-09-23 00:00,1524,850,18.6,11.6,2,350
47991,2020-09-23 00:00,,871,-3.5,-3.7,,
47991,2020-09-23 00:00,,873,-6.5,-8.2,,
47991,2020-09-23 00:00,794,925,22.6,17.6,6,35
47991,2020-09-23 00:00,,977,-3.5,-3.7,,
47991,2020-09-23 00:00,107,1000,28.2,21.2,2,45
47991,2020-09-23 00:00,,1010,29.4,21.4,,
47991,2020-09-23 00:00,,1011,0,0,,
47991,2020-09-23 00:00,,1098,13,10.3,,
